Date,AAPL,AES,AMGN,BEP,COIN,COP,CVS,CVX,CWEN,D,DJT,DJ_health,DJ_military,DJ_oil,DJ_tech,DJ_utility,DUK,FSLR,GD,GOOG,JNJ,LMT,MARA,NEE,NVDA,Nasdaq_crypto,PFE,PLUG,RIOT,RTX,SP500_ESG,TSLA,UNH,XOM
05-Dec-2022,NaN,NaN,NaN,NaN,NaN,NaN,NaN,NaN,NaN,NaN,NaN,NaN,-1.04902897775036,-3.08024649547358,-1.73840726147687,NaN,NaN,NaN,NaN,NaN,NaN,NaN,NaN,NaN,NaN,NaN,NaN,NaN,NaN,NaN,NaN,NaN,NaN,NaN
06-Dec-2022,NaN,NaN,NaN,NaN,NaN,NaN,NaN,NaN,NaN,NaN,NaN,NaN,-1.84230442066007,-2.73665374135862,-2.32293149285803,NaN,NaN,NaN,NaN,NaN,NaN,NaN,NaN,NaN,NaN,NaN,NaN,NaN,NaN,NaN,NaN,NaN,NaN,NaN
07-Dec-2022,NaN,NaN,NaN,NaN,NaN,NaN,NaN,NaN,NaN,NaN,NaN,NaN,-0.289930275831899,-0.268627335295261,-0.739544422863246,NaN,NaN,NaN,NaN,NaN,NaN,NaN,NaN,NaN,NaN,NaN,NaN,NaN,NaN,NaN,NaN,NaN,NaN,NaN
08-Dec-2022,NaN,NaN,NaN,NaN,NaN,NaN,NaN,NaN,NaN,NaN,NaN,NaN,0.503060335768413,-0.603502133447014,1.46510821413214,NaN,NaN,NaN,NaN,NaN,NaN,NaN,NaN,NaN,NaN,NaN,NaN,NaN,NaN,NaN,NaN,NaN,NaN,NaN
09-Dec-2022,NaN,NaN,NaN,NaN,NaN,NaN,NaN,NaN,NaN,NaN,NaN,NaN,-0.822993544968798,-2.30378792977543,-0.609955064693264,NaN,NaN,NaN,NaN,NaN,NaN,NaN,NaN,NaN,NaN,NaN,NaN,NaN,NaN,NaN,NaN,NaN,NaN,NaN
12-Dec-2022,NaN,NaN,NaN,NaN,NaN,NaN,NaN,NaN,NaN,NaN,NaN,NaN,1.36396276586472,2.51436224923348,1.91653650586908,NaN,NaN,NaN,NaN,NaN,NaN,NaN,NaN,NaN,NaN,NaN,NaN,NaN,NaN,NaN,NaN,NaN,NaN,NaN
13-Dec-2022,NaN,NaN,NaN,NaN,NaN,NaN,NaN,NaN,NaN,NaN,NaN,0.338638996151793,-0.130611538148547,1.79454072748716,1.57471793929855,0.546449447207875,NaN,NaN,NaN,NaN,NaN,NaN,NaN,NaN,NaN,NaN,NaN,NaN,NaN,NaN,NaN,NaN,NaN,NaN
14-Dec-2022,NaN,NaN,NaN,NaN,NaN,NaN,NaN,NaN,NaN,NaN,NaN,0.135135155699896,0.316124087364269,-0.590864350457638,-0.774838580009286,-0.272851465320406,NaN,NaN,NaN,NaN,NaN,NaN,NaN,NaN,NaN,NaN,NaN,NaN,NaN,NaN,NaN,NaN,NaN,NaN
15-Dec-2022,NaN,NaN,NaN,NaN,NaN,NaN,NaN,NaN,NaN,NaN,NaN,-1.90871506975159,-1.96359835554917,-0.509652090786173,-4.03287961074034,-1.37553750684853,NaN,NaN,NaN,NaN,NaN,NaN,NaN,NaN,NaN,NaN,NaN,NaN,NaN,NaN,NaN,NaN,NaN,NaN
16-Dec-2022,NaN,NaN,NaN,NaN,NaN,NaN,NaN,NaN,NaN,NaN,NaN,-1.31626424107172,0.540672928963744,-1.42868711509181,-1.05358363377245,-1.67601688574651,NaN,NaN,NaN,NaN,NaN,NaN,NaN,NaN,NaN,NaN,NaN,NaN,NaN,NaN,NaN,NaN,NaN,NaN
19-Dec-2022,NaN,NaN,NaN,NaN,NaN,NaN,NaN,NaN,NaN,NaN,NaN,-0.489340368272924,-0.67815461219292,-0.0830778974645949,-1.67217364743061,-0.282087634164134,NaN,NaN,NaN,NaN,NaN,NaN,NaN,NaN,NaN,NaN,NaN,NaN,NaN,NaN,NaN,NaN,NaN,NaN
20-Dec-2022,NaN,NaN,NaN,NaN,NaN,NaN,NaN,NaN,NaN,NaN,NaN,0,0.832086922446134,1.42845344366893,0.237135060724321,0,NaN,NaN,NaN,NaN,NaN,NaN,NaN,NaN,NaN,NaN,NaN,NaN,NaN,NaN,NaN,NaN,NaN,NaN
21-Dec-2022,NaN,NaN,NaN,NaN,NaN,NaN,NaN,NaN,NaN,NaN,NaN,1.32267852418736,1.70678151610402,1.96256150382418,1.63150940641239,1.40254753545045,NaN,NaN,NaN,NaN,NaN,NaN,NaN,NaN,NaN,NaN,NaN,NaN,NaN,NaN,NaN,NaN,NaN,NaN
22-Dec-2022,NaN,NaN,NaN,NaN,NaN,NaN,NaN,NaN,NaN,NaN,NaN,-0.138408326593845,-1.79615126421627,-2.47241262739791,-2.71275368279452,-0.558660670863982,NaN,NaN,NaN,NaN,NaN,NaN,NaN,NaN,NaN,NaN,NaN,NaN,NaN,NaN,NaN,NaN,NaN,NaN
23-Dec-2022,NaN,NaN,NaN,NaN,NaN,NaN,NaN,NaN,NaN,NaN,NaN,0,0.666478111729524,3.05664018982075,0.186657737221554,0.836824967051658,NaN,NaN,NaN,NaN,NaN,NaN,NaN,NaN,NaN,NaN,NaN,NaN,NaN,NaN,NaN,NaN,NaN,NaN
27-Dec-2022,NaN,NaN,NaN,NaN,NaN,NaN,NaN,NaN,NaN,NaN,NaN,-0.346861256540374,0.302863927693505,0.993465058341252,-1.32964600676122,0.829880281469506,NaN,NaN,NaN,NaN,NaN,NaN,NaN,NaN,NaN,NaN,NaN,NaN,NaN,NaN,NaN,NaN,NaN,NaN
28-Dec-2022,NaN,NaN,NaN,NaN,NaN,NaN,NaN,NaN,NaN,NaN,NaN,-0.627398363341485,-0.758545991188691,-2.43742831153162,-1.65204894618896,-1.10804457765719,NaN,NaN,NaN,NaN,NaN,NaN,NaN,NaN,NaN,NaN,NaN,NaN,NaN,NaN,NaN,NaN,NaN,NaN
29-Dec-2022,NaN,NaN,NaN,NaN,NaN,NaN,NaN,NaN,NaN,NaN,NaN,1.11266794647571,1.10806601504294,0.995392748434204,2.85278036356031,0.555556984460196,NaN,NaN,NaN,NaN,NaN,NaN,NaN,NaN,NaN,NaN,NaN,NaN,NaN,NaN,NaN,NaN,NaN,NaN
30-Dec-2022,NaN,NaN,NaN,NaN,NaN,NaN,NaN,NaN,NaN,NaN,NaN,-0.27700848738156,0.291208653565142,0.708509173595523,-0.111968183050998,-0.834497193218065,NaN,NaN,NaN,NaN,NaN,NaN,NaN,NaN,NaN,NaN,NaN,NaN,NaN,NaN,NaN,NaN,NaN,NaN
03-Jan-2023,NaN,NaN,NaN,NaN,NaN,NaN,NaN,NaN,NaN,NaN,NaN,-0.347343176586946,-0.316782572705431,-3.91470935348283,-0.842316375982531,0,NaN,NaN,NaN,NaN,NaN,NaN,NaN,NaN,NaN,NaN,NaN,NaN,NaN,NaN,NaN,NaN,NaN,NaN
04-Jan-2023,NaN,NaN,NaN,NaN,NaN,NaN,NaN,NaN,NaN,NaN,NaN,0.347343176586936,0.507275105644676,0.205476592321387,-0.0198627517076519,0.834497193218069,NaN,NaN,NaN,NaN,NaN,NaN,NaN,NaN,NaN,NaN,NaN,NaN,NaN,NaN,NaN,NaN,NaN,NaN
05-Jan-2023,NaN,NaN,NaN,NaN,NaN,NaN,NaN,NaN,NaN,NaN,NaN,-0.905613991502698,-0.131454748103815,1.69748328827368,-2.20468615824428,-2.24099013995842,NaN,NaN,NaN,NaN,NaN,NaN,NaN,NaN,NaN,NaN,NaN,NaN,NaN,NaN,NaN,NaN,NaN,NaN
06-Jan-2023,NaN,NaN,NaN,NaN,NaN,NaN,NaN,NaN,NaN,NaN,NaN,0.766821464017887,1.51660903384281,1.72150944300996,2.62130197346865,2.24099013995841,NaN,NaN,NaN,NaN,NaN,NaN,NaN,NaN,NaN,NaN,NaN,NaN,NaN,NaN,NaN,NaN,NaN,NaN
09-Jan-2023,NaN,NaN,NaN,NaN,NaN,NaN,NaN,NaN,NaN,NaN,NaN,-1.61011528793659,-1.88022687211586,-0.267601130779722,1.13698414969642,0.552487593196981,NaN,NaN,NaN,NaN,NaN,NaN,NaN,NaN,NaN,NaN,NaN,NaN,NaN,NaN,NaN,NaN,NaN,NaN
10-Jan-2023,NaN,NaN,NaN,NaN,NaN,NaN,NaN,NaN,NaN,NaN,NaN,0.913248356327247,0.529867506669601,0.802034825964177,0.714054838667731,0,NaN,NaN,NaN,NaN,NaN,NaN,NaN,NaN,NaN,NaN,NaN,NaN,NaN,NaN,NaN,NaN,NaN,NaN
11-Jan-2023,NaN,NaN,NaN,NaN,NaN,NaN,NaN,NaN,NaN,NaN,NaN,0.627398363341485,0.57051578428431,0.418404931168005,1.98232261806573,0.823049913651544,NaN,NaN,NaN,NaN,NaN,NaN,NaN,NaN,NaN,NaN,NaN,NaN,NaN,NaN,NaN,NaN,NaN,NaN
12-Jan-2023,NaN,NaN,NaN,NaN,NaN,NaN,NaN,NaN,NaN,NaN,NaN,-0.278357869364637,0.819205473546755,1.92973745841491,0.652653673929339,-0.54794657646256,NaN,NaN,NaN,NaN,NaN,NaN,NaN,NaN,NaN,NaN,NaN,NaN,NaN,NaN,NaN,NaN,NaN,NaN
13-Jan-2023,NaN,NaN,NaN,NaN,NaN,NaN,NaN,NaN,NaN,NaN,NaN,0.486618965117291,-1.21994336657264,0.145779444170607,0.566134047696622,-0.550965581096958,NaN,NaN,NaN,NaN,NaN,NaN,NaN,NaN,NaN,NaN,NaN,NaN,NaN,NaN,NaN,NaN,NaN,NaN
17-Jan-2023,NaN,NaN,NaN,NaN,NaN,NaN,NaN,NaN,NaN,NaN,NaN,-0.48661896511729,-0.43326403615454,0.0307336663005921,0.378823884693585,0,NaN,NaN,NaN,NaN,NaN,NaN,NaN,NaN,NaN,NaN,NaN,NaN,NaN,NaN,NaN,NaN,NaN,NaN
18-Jan-2023,NaN,NaN,NaN,NaN,NaN,NaN,NaN,NaN,NaN,NaN,NaN,-1.40353181163835,-1.74354360246903,-1.7493943354322,-1.15198931089937,-2.51761548924743,NaN,NaN,NaN,NaN,NaN,NaN,NaN,NaN,NaN,NaN,NaN,NaN,NaN,NaN,NaN,NaN,NaN,NaN
19-Jan-2023,NaN,NaN,NaN,NaN,NaN,NaN,NaN,NaN,NaN,NaN,NaN,0.211789701473491,-1.34263136789013,0.94857985581377,-0.803618091043614,-1.13961347308696,NaN,NaN,NaN,NaN,NaN,NaN,NaN,NaN,NaN,NaN,NaN,NaN,NaN,NaN,NaN,NaN,NaN,NaN
20-Jan-2023,NaN,NaN,NaN,NaN,NaN,NaN,NaN,NaN,NaN,NaN,NaN,0.632691038476371,0.895653223147962,1.3058963463048,3.15155176896785,0.571430126343863,NaN,NaN,NaN,NaN,NaN,NaN,NaN,NaN,NaN,NaN,NaN,NaN,NaN,NaN,NaN,NaN,NaN,NaN
23-Jan-2023,NaN,NaN,NaN,NaN,NaN,NaN,NaN,NaN,NaN,NaN,NaN,0.279916207961455,1.06144619383389,0.00398785034979188,2.54262285647466,0.284495213223134,NaN,NaN,NaN,NaN,NaN,NaN,NaN,NaN,NaN,NaN,NaN,NaN,NaN,NaN,NaN,NaN,NaN,NaN
24-Jan-2023,NaN,NaN,NaN,NaN,NaN,NaN,NaN,NaN,NaN,NaN,NaN,-0.630916919326472,1.45227769107683,-0.311530879142581,-0.332533426368104,0.283688133519976,NaN,NaN,NaN,NaN,NaN,NaN,NaN,NaN,NaN,NaN,NaN,NaN,NaN,NaN,NaN,NaN,NaN,NaN
25-Jan-2023,NaN,NaN,NaN,NaN,NaN,NaN,NaN,NaN,NaN,NaN,NaN,0,0.478168109196551,-0.132094246422899,-0.547736158600813,-1.13961347308696,NaN,NaN,NaN,NaN,NaN,NaN,NaN,NaN,NaN,NaN,NaN,NaN,NaN,NaN,NaN,NaN,NaN,NaN
26-Jan-2023,NaN,NaN,NaN,NaN,NaN,NaN,NaN,NaN,NaN,NaN,NaN,0.21074823395648,0.781664034894639,3.08942437558269,2.08141457102798,0.286123228103219,NaN,NaN,NaN,NaN,NaN,NaN,NaN,NaN,NaN,NaN,NaN,NaN,NaN,NaN,NaN,NaN,NaN,NaN
27-Jan-2023,NaN,NaN,NaN,NaN,NaN,NaN,NaN,NaN,NaN,NaN,NaN,-0.562985301207046,0.144643376016965,-1.87382981713151,0.721833402138717,0,NaN,NaN,NaN,NaN,NaN,NaN,NaN,NaN,NaN,NaN,NaN,NaN,NaN,NaN,NaN,NaN,NaN,NaN
30-Jan-2023,NaN,NaN,NaN,NaN,NaN,NaN,NaN,NaN,NaN,NaN,NaN,-1.0642172096145,-0.537700463923202,-2.32996929236493,-2.27867027195984,-0.573067470898498,NaN,NaN,NaN,NaN,NaN,NaN,NaN,NaN,NaN,NaN,NaN,NaN,NaN,NaN,NaN,NaN,NaN,NaN
31-Jan-2023,NaN,NaN,NaN,NaN,NaN,NaN,NaN,NaN,NaN,NaN,NaN,1.34610605025653,1.33450528694145,1.02354214014203,1.64158263760491,0.858374369139143,NaN,NaN,NaN,NaN,NaN,NaN,NaN,NaN,NaN,NaN,NaN,NaN,NaN,NaN,NaN,NaN,NaN,NaN
01-Feb-2023,NaN,NaN,NaN,NaN,NaN,NaN,NaN,NaN,NaN,NaN,NaN,0.56140498327667,0.135952015821758,-1.80561678379784,2.49558268655845,0,NaN,NaN,NaN,NaN,NaN,NaN,NaN,NaN,NaN,NaN,NaN,NaN,NaN,NaN,NaN,NaN,NaN,NaN
02-Feb-2023,NaN,NaN,NaN,NaN,NaN,NaN,NaN,NaN,NaN,NaN,NaN,-0.561404983276682,-0.630645266687678,-2.50910454716965,4.29617223814177,0.284495213223134,NaN,NaN,NaN,NaN,NaN,NaN,NaN,NaN,NaN,NaN,NaN,NaN,NaN,NaN,NaN,NaN,NaN,NaN
03-Feb-2023,NaN,NaN,NaN,NaN,NaN,NaN,NaN,NaN,NaN,NaN,NaN,-0.352485384343558,-0.579473546944885,-0.262661694846184,-1.35381339859772,-2.00867585667373,NaN,NaN,NaN,NaN,NaN,NaN,NaN,NaN,NaN,NaN,NaN,NaN,NaN,NaN,NaN,NaN,NaN,NaN
06-Feb-2023,NaN,NaN,NaN,NaN,NaN,NaN,NaN,NaN,NaN,NaN,NaN,-0.6376217139276,0.726864860429992,-0.514745692829632,-1.3350983653141,0.865806274311453,NaN,NaN,NaN,NaN,NaN,NaN,NaN,NaN,NaN,NaN,NaN,NaN,NaN,NaN,NaN,NaN,NaN,NaN
07-Feb-2023,NaN,NaN,NaN,NaN,NaN,NaN,NaN,NaN,NaN,NaN,NaN,0.637621713927606,0.848415383975036,2.93072941817884,2.85934318744629,-0.287769982761517,NaN,NaN,NaN,NaN,NaN,NaN,NaN,NaN,NaN,NaN,NaN,NaN,NaN,NaN,NaN,NaN,NaN,NaN
08-Feb-2023,NaN,NaN,NaN,NaN,NaN,NaN,NaN,NaN,NaN,NaN,NaN,-0.353732240085102,-0.396685560687614,-0.899856554207251,-2.10549743835116,-1.74423026633424,NaN,NaN,NaN,NaN,NaN,NaN,NaN,NaN,NaN,NaN,NaN,NaN,NaN,NaN,NaN,NaN,NaN,NaN
09-Feb-2023,NaN,NaN,NaN,NaN,NaN,NaN,NaN,NaN,NaN,NaN,NaN,-0.925602905905845,-0.559194916568917,-0.746860448529173,-1.07875066262613,-1.47713173203125,NaN,NaN,NaN,NaN,NaN,NaN,NaN,NaN,NaN,NaN,NaN,NaN,NaN,NaN,NaN,NaN,NaN,NaN
10-Feb-2023,NaN,NaN,NaN,NaN,NaN,NaN,NaN,NaN,NaN,NaN,NaN,0.854706057845835,1.25177508139864,3.78405856451227,-0.786714135430574,2.06192872027356,NaN,NaN,NaN,NaN,NaN,NaN,NaN,NaN,NaN,NaN,NaN,NaN,NaN,NaN,NaN,NaN,NaN,NaN
13-Feb-2023,NaN,NaN,NaN,NaN,NaN,NaN,NaN,NaN,NaN,NaN,NaN,0.847462699097224,0.662765909651248,-0.616781027703141,1.81926372236408,0.581396986541982,NaN,NaN,NaN,NaN,NaN,NaN,NaN,NaN,NaN,NaN,NaN,NaN,NaN,NaN,NaN,NaN,NaN,NaN
14-Feb-2023,NaN,NaN,NaN,NaN,NaN,NaN,NaN,NaN,NaN,NaN,NaN,-0.564176390666813,0.683153362157979,0.0255512000368114,0.6562204023877,-0.290275965796135,NaN,NaN,NaN,NaN,NaN,NaN,NaN,NaN,NaN,NaN,NaN,NaN,NaN,NaN,NaN,NaN,NaN,NaN
15-Feb-2023,NaN,NaN,NaN,NaN,NaN,NaN,NaN,NaN,NaN,NaN,NaN,-0.425230973853039,0.371038307257332,-1.61304751241482,0.682711271297038,0.579711768432591,NaN,NaN,NaN,NaN,NaN,NaN,NaN,NaN,NaN,NaN,NaN,NaN,NaN,NaN,NaN,NaN,NaN,NaN
16-Feb-2023,NaN,NaN,NaN,NaN,NaN,NaN,NaN,NaN,NaN,NaN,NaN,-0.927584246252175,-1.1132909746274,-1.11303107130243,-1.99136047826974,-0.870832789178431,NaN,NaN,NaN,NaN,NaN,NaN,NaN,NaN,NaN,NaN,NaN,NaN,NaN,NaN,NaN,NaN,NaN,NaN
17-Feb-2023,NaN,NaN,NaN,NaN,NaN,NaN,NaN,NaN,NaN,NaN,NaN,0.8565362858923,0.436909641430285,-3.69317774912528,-1.24709618241635,0.870832789178441,NaN,NaN,NaN,NaN,NaN,NaN,NaN,NaN,NaN,NaN,NaN,NaN,NaN,NaN,NaN,NaN,NaN,NaN
21-Feb-2023,NaN,NaN,NaN,NaN,NaN,NaN,NaN,NaN,NaN,NaN,NaN,-1.50378773645406,-0.982384608325689,-0.439700103468896,-2.51041658998712,-1.74931574475172,NaN,NaN,NaN,NaN,NaN,NaN,NaN,NaN,NaN,NaN,NaN,NaN,NaN,NaN,NaN,NaN,NaN,NaN
22-Feb-2023,NaN,NaN,NaN,NaN,NaN,NaN,NaN,NaN,NaN,NaN,NaN,-0.289017542223339,0.246724148981818,-0.613919807655317,0.0381052669870465,-0.589972212718827,NaN,NaN,NaN,NaN,NaN,NaN,NaN,NaN,NaN,NaN,NaN,NaN,NaN,NaN,NaN,NaN,NaN,NaN
23-Feb-2023,NaN,NaN,NaN,NaN,NaN,NaN,NaN,NaN,NaN,NaN,NaN,0.289017542223342,-0.0400943639008977,1.46712448154685,1.39634200705175,-0.296296513065707,NaN,NaN,NaN,NaN,NaN,NaN,NaN,NaN,NaN,NaN,NaN,NaN,NaN,NaN,NaN,NaN,NaN,NaN
24-Feb-2023,NaN,NaN,NaN,NaN,NaN,NaN,NaN,NaN,NaN,NaN,NaN,-1.30720815673528,-0.443404947586822,0.0556709433473243,-1.90570745255717,0,NaN,NaN,NaN,NaN,NaN,NaN,NaN,NaN,NaN,NaN,NaN,NaN,NaN,NaN,NaN,NaN,NaN,NaN
27-Feb-2023,NaN,NaN,NaN,NaN,NaN,NaN,NaN,NaN,NaN,NaN,NaN,-0.219539056343562,-0.000719911430320342,0.294966549227395,0.522451691152917,-0.894193737566128,NaN,NaN,NaN,NaN,NaN,NaN,NaN,NaN,NaN,NaN,NaN,NaN,NaN,NaN,NaN,NaN,NaN,NaN
28-Feb-2023,NaN,NaN,NaN,NaN,NaN,NaN,NaN,NaN,NaN,NaN,NaN,-0.735297430525881,-0.795956088579781,-1.44174012677153,0.025004506756472,-1.81273845925567,NaN,NaN,NaN,NaN,NaN,NaN,NaN,NaN,NaN,NaN,NaN,NaN,NaN,NaN,NaN,NaN,NaN,NaN
01-Mar-2023,NaN,NaN,NaN,NaN,NaN,NaN,NaN,NaN,NaN,NaN,NaN,-0.0738279841580962,0.858843083411723,2.00219620053615,-0.790367979454466,-1.53612851614872,NaN,NaN,NaN,NaN,NaN,NaN,NaN,NaN,NaN,NaN,NaN,NaN,NaN,NaN,NaN,NaN,NaN,NaN
02-Mar-2023,NaN,NaN,NaN,NaN,NaN,NaN,NaN,NaN,NaN,NaN,NaN,0.589103323723734,1.14500341679679,0.84816716531153,1.33224115512535,1.84054275427153,NaN,NaN,NaN,NaN,NaN,NaN,NaN,NaN,NaN,NaN,NaN,NaN,NaN,NaN,NaN,NaN,NaN,NaN
03-Mar-2023,NaN,NaN,NaN,NaN,NaN,NaN,NaN,NaN,NaN,NaN,NaN,1.24043910838441,0.585083253741545,1.36414837050443,2.29385883854699,1.50832422113285,NaN,NaN,NaN,NaN,NaN,NaN,NaN,NaN,NaN,NaN,NaN,NaN,NaN,NaN,NaN,NaN,NaN,NaN
06-Mar-2023,NaN,NaN,NaN,NaN,NaN,NaN,NaN,NaN,NaN,NaN,NaN,-0.217785930001282,-0.227851387433079,-0.153736448497998,0.455900204184966,0.597016698650375,NaN,NaN,NaN,NaN,NaN,NaN,NaN,NaN,NaN,NaN,NaN,NaN,NaN,NaN,NaN,NaN,NaN,NaN
07-Mar-2023,NaN,NaN,NaN,NaN,NaN,NaN,NaN,NaN,NaN,NaN,NaN,-1.61175650210687,-0.820255459193934,-1.67305345535581,-1.14552095350609,-1.80185055026784,NaN,NaN,NaN,NaN,NaN,NaN,NaN,NaN,NaN,NaN,NaN,NaN,NaN,NaN,NaN,NaN,NaN,NaN
08-Mar-2023,NaN,NaN,NaN,NaN,NaN,NaN,NaN,NaN,NaN,NaN,NaN,-0.592594326754716,-0.329039488113911,-0.995794198306429,0.837021774495832,0.904983551991786,NaN,NaN,NaN,NaN,NaN,NaN,NaN,NaN,NaN,NaN,NaN,NaN,NaN,NaN,NaN,NaN,NaN,NaN
09-Mar-2023,NaN,NaN,NaN,NaN,NaN,NaN,NaN,NaN,NaN,NaN,NaN,-1.12066918095614,-1.78747456652983,-1.46846359177532,-1.70406766625344,-0.904983551991793,NaN,NaN,NaN,NaN,NaN,NaN,NaN,NaN,NaN,NaN,NaN,NaN,NaN,NaN,NaN,NaN,NaN,NaN
10-Mar-2023,NaN,NaN,NaN,NaN,NaN,NaN,NaN,NaN,NaN,NaN,NaN,-0.829880281469507,-0.989385543859529,-1.4580954182708,-1.81219942504047,-1.52674721307884,NaN,NaN,NaN,NaN,NaN,NaN,NaN,NaN,NaN,NaN,NaN,NaN,NaN,NaN,NaN,NaN,NaN,NaN
13-Mar-2023,NaN,NaN,NaN,NaN,NaN,NaN,NaN,NaN,NaN,NaN,NaN,0.980030459829206,-0.376565892392972,-1.97480993193565,0.857624961807916,1.52674721307884,NaN,NaN,NaN,NaN,NaN,NaN,NaN,NaN,NaN,NaN,NaN,NaN,NaN,NaN,NaN,NaN,NaN,NaN
14-Mar-2023,NaN,NaN,NaN,NaN,NaN,NaN,NaN,NaN,NaN,NaN,NaN,0.896197185723074,1.16653660310921,0.769984964231683,2.52367410036853,1.20483385161746,NaN,NaN,NaN,NaN,NaN,NaN,NaN,NaN,NaN,NaN,NaN,NaN,NaN,NaN,NaN,NaN,NaN,NaN
15-Mar-2023,NaN,NaN,NaN,NaN,NaN,NaN,NaN,NaN,NaN,NaN,NaN,-0.148809551270196,-2.37483232465131,-5.48579701275206,0.508707587486126,1.19049025063185,NaN,NaN,NaN,NaN,NaN,NaN,NaN,NaN,NaN,NaN,NaN,NaN,NaN,NaN,NaN,NaN,NaN,NaN
16-Mar-2023,NaN,NaN,NaN,NaN,NaN,NaN,NaN,NaN,NaN,NaN,NaN,0.96332719771033,1.54620832763486,1.05235410124333,3.19176176864631,0.883658180049794,NaN,NaN,NaN,NaN,NaN,NaN,NaN,NaN,NaN,NaN,NaN,NaN,NaN,NaN,NaN,NaN,NaN,NaN
17-Mar-2023,NaN,NaN,NaN,NaN,NaN,NaN,NaN,NaN,NaN,NaN,NaN,-1.33632278121671,-2.20518611254131,-1.67019802173914,-0.162959688560854,-1.17995469311551,NaN,NaN,NaN,NaN,NaN,NaN,NaN,NaN,NaN,NaN,NaN,NaN,NaN,NaN,NaN,NaN,NaN,NaN
20-Mar-2023,NaN,NaN,NaN,NaN,NaN,NaN,NaN,NaN,NaN,NaN,NaN,1.26254926256275,1.4936695843552,2.08496940907327,0.149616788257441,0.886268725784532,NaN,NaN,NaN,NaN,NaN,NaN,NaN,NaN,NaN,NaN,NaN,NaN,NaN,NaN,NaN,NaN,NaN,NaN
21-Mar-2023,NaN,NaN,NaN,NaN,NaN,NaN,NaN,NaN,NaN,NaN,NaN,0.588669838273126,0.94951818512237,3.32938837114665,1.30244063529733,-2.08031276297633,NaN,NaN,NaN,NaN,NaN,NaN,NaN,NaN,NaN,NaN,NaN,NaN,NaN,NaN,NaN,NaN,NaN,NaN
22-Mar-2023,NaN,NaN,NaN,NaN,NaN,NaN,NaN,NaN,NaN,NaN,NaN,-1.55271141649055,-2.01491974939771,-2.16854863043016,-1.11824820693607,-1.81823190831905,NaN,NaN,NaN,NaN,NaN,NaN,NaN,NaN,NaN,NaN,NaN,NaN,NaN,NaN,NaN,NaN,NaN,NaN
23-Mar-2023,NaN,NaN,NaN,NaN,NaN,NaN,NaN,NaN,NaN,NaN,NaN,-0.149142458667002,-0.141323365855854,-1.30767016253345,1.63916440440828,-1.23078476745968,NaN,NaN,NaN,NaN,NaN,NaN,NaN,NaN,NaN,NaN,NaN,NaN,NaN,NaN,NaN,NaN,NaN,NaN
24-Mar-2023,NaN,NaN,NaN,NaN,NaN,NaN,NaN,NaN,NaN,NaN,NaN,1.26067668899121,0.701677917632451,0.316575690419239,0.129071756953523,3.04901667577872,NaN,NaN,NaN,NaN,NaN,NaN,NaN,NaN,NaN,NaN,NaN,NaN,NaN,NaN,NaN,NaN,NaN,NaN
27-Mar-2023,NaN,NaN,NaN,NaN,NaN,NaN,NaN,NaN,NaN,NaN,NaN,0.441177186166336,0.918632483728073,2.00269232662312,-1.06560641053366,0.299850299625663,NaN,NaN,NaN,NaN,NaN,NaN,NaN,NaN,NaN,NaN,NaN,NaN,NaN,NaN,NaN,NaN,NaN,NaN
28-Mar-2023,NaN,NaN,NaN,NaN,NaN,NaN,NaN,NaN,NaN,NaN,NaN,-0.588669838273134,0.507939228239268,1.41505778739089,-0.616499558503249,0.298953884836599,NaN,NaN,NaN,NaN,NaN,NaN,NaN,NaN,NaN,NaN,NaN,NaN,NaN,NaN,NaN,NaN,NaN,NaN
29-Mar-2023,NaN,NaN,NaN,NaN,NaN,NaN,NaN,NaN,NaN,NaN,NaN,0.29476808373424,1.07450678335133,1.47315971157209,1.92163598612233,1.48150857851407,NaN,NaN,NaN,NaN,NaN,NaN,NaN,NaN,NaN,NaN,NaN,NaN,NaN,NaN,NaN,NaN,NaN,NaN
30-Mar-2023,NaN,NaN,NaN,NaN,NaN,NaN,NaN,NaN,NaN,NaN,NaN,0.513762597959161,0.240501005942366,0.322491081176123,0.946617698832239,0.293685967330971,NaN,NaN,NaN,NaN,NaN,NaN,NaN,NaN,NaN,NaN,NaN,NaN,NaN,NaN,NaN,NaN,NaN,NaN
31-Mar-2023,NaN,NaN,NaN,NaN,NaN,NaN,NaN,NaN,NaN,NaN,NaN,1.16449641968798,0.62894633359407,0.708747060613657,1.74313736202611,0.875918008988155,NaN,NaN,NaN,NaN,NaN,NaN,NaN,NaN,NaN,NaN,NaN,NaN,NaN,NaN,NaN,NaN,NaN,NaN
03-Apr-2023,NaN,NaN,NaN,NaN,NaN,NaN,NaN,NaN,NaN,NaN,NaN,1.00792789947027,1.54519066109622,4.46330766689439,-0.0259381169862591,-0.875918008988158,NaN,NaN,NaN,NaN,NaN,NaN,NaN,NaN,NaN,NaN,NaN,NaN,NaN,NaN,NaN,NaN,NaN,NaN
04-Apr-2023,NaN,NaN,NaN,NaN,NaN,NaN,NaN,NaN,NaN,NaN,NaN,0,-1.08536755673618,-1.76941174286239,-0.414104024036396,0.584796988242312,NaN,NaN,NaN,NaN,NaN,NaN,NaN,NaN,NaN,NaN,NaN,NaN,NaN,NaN,NaN,NaN,NaN,NaN
05-Apr-2023,NaN,NaN,NaN,NaN,NaN,NaN,NaN,NaN,NaN,NaN,NaN,1.56364237697551,-0.893118639917797,1.30555477620584,-1.22685489409373,2.59007284321572,NaN,NaN,NaN,NaN,NaN,NaN,NaN,NaN,NaN,NaN,NaN,NaN,NaN,NaN,NaN,NaN,NaN,NaN
06-Apr-2023,NaN,NaN,NaN,NaN,NaN,NaN,NaN,NaN,NaN,NaN,NaN,0.351989099777967,-0.161661696005113,-1.45844268820648,1.03912506553925,0.56657375356773,NaN,NaN,NaN,NaN,NaN,NaN,NaN,NaN,NaN,NaN,NaN,NaN,NaN,NaN,NaN,NaN,NaN,NaN
10-Apr-2023,NaN,NaN,NaN,NaN,NaN,NaN,NaN,NaN,NaN,NaN,NaN,-0.0702987726666229,1.01906048998698,0.743833661291181,-0.330686835348404,0,NaN,NaN,NaN,NaN,NaN,NaN,NaN,NaN,NaN,NaN,NaN,NaN,NaN,NaN,NaN,NaN,NaN,NaN
11-Apr-2023,NaN,NaN,NaN,NaN,NaN,NaN,NaN,NaN,NaN,NaN,NaN,0.351000711365015,0.0564137272395772,0.838793645379536,-0.991267821892855,0,NaN,NaN,NaN,NaN,NaN,NaN,NaN,NaN,NaN,NaN,NaN,NaN,NaN,NaN,NaN,NaN,NaN,NaN
12-Apr-2023,NaN,NaN,NaN,NaN,NaN,NaN,NaN,NaN,NaN,NaN,NaN,0,0.576506686800289,0.0237031254377581,-0.617019001119871,-0.282885620047771,NaN,NaN,NaN,NaN,NaN,NaN,NaN,NaN,NaN,NaN,NaN,NaN,NaN,NaN,NaN,NaN,NaN,NaN
13-Apr-2023,NaN,NaN,NaN,NaN,NaN,NaN,NaN,NaN,NaN,NaN,NaN,1.18427019759352,0.478217820750116,0.576899280583429,2.09570021829749,0,NaN,NaN,NaN,NaN,NaN,NaN,NaN,NaN,NaN,NaN,NaN,NaN,NaN,NaN,NaN,NaN,NaN,NaN
14-Apr-2023,NaN,NaN,NaN,NaN,NaN,NaN,NaN,NaN,NaN,NaN,NaN,-0.764689162459967,-1.66292378836012,0.156508643383477,-0.230089058804721,-1.13961347308696,NaN,NaN,NaN,NaN,NaN,NaN,NaN,NaN,NaN,NaN,NaN,NaN,NaN,NaN,NaN,NaN,NaN,NaN
17-Apr-2023,NaN,NaN,NaN,NaN,NaN,NaN,NaN,NaN,NaN,NaN,NaN,0,1.00639689506785,-1.20013692303045,0.00156702151001752,0.571430126343863,NaN,NaN,NaN,NaN,NaN,NaN,NaN,NaN,NaN,NaN,NaN,NaN,NaN,NaN,NaN,NaN,NaN,NaN
18-Apr-2023,NaN,NaN,NaN,NaN,NaN,NaN,NaN,NaN,NaN,NaN,NaN,-0.700282973831943,1.15021735373546,0.363509662777623,0.185518402173302,-0.28530689824064,NaN,NaN,NaN,NaN,NaN,NaN,NaN,NaN,NaN,NaN,NaN,NaN,NaN,NaN,NaN,NaN,NaN,NaN
19-Apr-2023,NaN,NaN,NaN,NaN,NaN,NaN,NaN,NaN,NaN,NaN,NaN,0.350754480967734,-0.38795506708834,-0.268310226784314,-0.23515267696447,0.56980211146378,NaN,NaN,NaN,NaN,NaN,NaN,NaN,NaN,NaN,NaN,NaN,NaN,NaN,NaN,NaN,NaN,NaN,NaN
20-Apr-2023,NaN,NaN,NaN,NaN,NaN,NaN,NaN,NaN,NaN,NaN,NaN,-0.561799230422326,-0.530818114572711,-0.884072182541432,-0.643552627092605,0,NaN,NaN,NaN,NaN,NaN,NaN,NaN,NaN,NaN,NaN,NaN,NaN,NaN,NaN,NaN,NaN,NaN,NaN
21-Apr-2023,NaN,NaN,NaN,NaN,NaN,NaN,NaN,NaN,NaN,NaN,NaN,0.771662896114459,-0.674250129927051,-0.57198026594585,-0.273351568962577,0.283688133519976,NaN,NaN,NaN,NaN,NaN,NaN,NaN,NaN,NaN,NaN,NaN,NaN,NaN,NaN,NaN,NaN,NaN,NaN
24-Apr-2023,NaN,NaN,NaN,NaN,NaN,NaN,NaN,NaN,NaN,NaN,NaN,0.487975872454099,0.032329350490726,1.49942213375755,-0.354254791726299,0.564973254211913,NaN,NaN,NaN,NaN,NaN,NaN,NaN,NaN,NaN,NaN,NaN,NaN,NaN,NaN,NaN,NaN,NaN,NaN
25-Apr-2023,NaN,NaN,NaN,NaN,NaN,NaN,NaN,NaN,NaN,NaN,NaN,-1.11889279178059,-1.21185740456374,-1.92771268805925,-2.24427233674607,0,NaN,NaN,NaN,NaN,NaN,NaN,NaN,NaN,NaN,NaN,NaN,NaN,NaN,NaN,NaN,NaN,NaN,NaN
26-Apr-2023,NaN,NaN,NaN,NaN,NaN,NaN,NaN,NaN,NaN,NaN,NaN,-1.34515302607252,-2.05677371218332,-1.3234389637244,1.55809224204776,-2.56790144176915,NaN,NaN,NaN,NaN,NaN,NaN,NaN,NaN,NaN,NaN,NaN,NaN,NaN,NaN,NaN,NaN,NaN,NaN
27-Apr-2023,NaN,NaN,NaN,NaN,NaN,NaN,NaN,NaN,NaN,NaN,NaN,0.426743179621934,1.42364071133296,0.462753555810096,2.73636132379713,1.14943794257352,NaN,NaN,NaN,NaN,NaN,NaN,NaN,NaN,NaN,NaN,NaN,NaN,NaN,NaN,NaN,NaN,NaN,NaN
28-Apr-2023,NaN,NaN,NaN,NaN,NaN,NaN,NaN,NaN,NaN,NaN,NaN,0.848061619842035,0.409360174055993,1.39540801540345,0.780718281662804,0,NaN,NaN,NaN,NaN,NaN,NaN,NaN,NaN,NaN,NaN,NaN,NaN,NaN,NaN,NaN,NaN,NaN,NaN
01-May-2023,NaN,NaN,NaN,NaN,NaN,NaN,NaN,NaN,NaN,NaN,NaN,0.63135951568523,0.266037925123918,-1.21722144720572,0.160397738439311,0,NaN,NaN,NaN,NaN,NaN,NaN,NaN,NaN,NaN,NaN,NaN,NaN,NaN,NaN,NaN,NaN,NaN,NaN
02-May-2023,NaN,NaN,NaN,NaN,NaN,NaN,NaN,NaN,NaN,NaN,NaN,-0.631359515685232,-0.543467433989175,-4.31565480957121,-1.09783796937704,-1.14943794257351,NaN,NaN,NaN,NaN,NaN,NaN,NaN,NaN,NaN,NaN,NaN,NaN,NaN,NaN,NaN,NaN,NaN,NaN
03-May-2023,NaN,NaN,NaN,NaN,NaN,NaN,NaN,NaN,NaN,NaN,NaN,0,-1.14767480488415,-1.96032767585847,-0.707258177649485,-0.289435802636453,NaN,NaN,NaN,NaN,NaN,NaN,NaN,NaN,NaN,NaN,NaN,NaN,NaN,NaN,NaN,NaN,NaN,NaN
04-May-2023,NaN,NaN,NaN,NaN,NaN,NaN,NaN,NaN,NaN,NaN,NaN,-0.777114472488663,-1.50804199497507,-1.04804721175694,-0.423249162589853,0.865806274311453,NaN,NaN,NaN,NaN,NaN,NaN,NaN,NaN,NaN,NaN,NaN,NaN,NaN,NaN,NaN,NaN,NaN,NaN
05-May-2023,NaN,NaN,NaN,NaN,NaN,NaN,NaN,NaN,NaN,NaN,NaN,0.917761471763836,0.957757426358537,2.74870660659123,2.32615411789543,0.573067470898507,NaN,NaN,NaN,NaN,NaN,NaN,NaN,NaN,NaN,NaN,NaN,NaN,NaN,NaN,NaN,NaN,NaN,NaN
08-May-2023,NaN,NaN,NaN,NaN,NaN,NaN,NaN,NaN,NaN,NaN,NaN,-0.211044749454598,-0.560447452930691,0.0856299486715193,0.333268320239446,-0.286123228103223,NaN,NaN,NaN,NaN,NaN,NaN,NaN,NaN,NaN,NaN,NaN,NaN,NaN,NaN,NaN,NaN,NaN,NaN
09-May-2023,NaN,NaN,NaN,NaN,NaN,NaN,NaN,NaN,NaN,NaN,NaN,-0.63581987424924,1.14796465874129,-0.012013815902731,-0.679236952423419,-0.286944242795282,NaN,NaN,NaN,NaN,NaN,NaN,NaN,NaN,NaN,NaN,NaN,NaN,NaN,NaN,NaN,NaN,NaN,NaN
10-May-2023,NaN,NaN,NaN,NaN,NaN,NaN,NaN,NaN,NaN,NaN,NaN,0.283085822452391,-0.746661395916518,-1.07353383773438,1.51683765147519,0.858374369139143,NaN,NaN,NaN,NaN,NaN,NaN,NaN,NaN,NaN,NaN,NaN,NaN,NaN,NaN,NaN,NaN,NaN,NaN
11-May-2023,NaN,NaN,NaN,NaN,NaN,NaN,NaN,NaN,NaN,NaN,NaN,-0.353982670512406,-0.401374445282862,-1.22339229833333,0.123175510239891,-1.14614435190067,NaN,NaN,NaN,NaN,NaN,NaN,NaN,NaN,NaN,NaN,NaN,NaN,NaN,NaN,NaN,NaN,NaN,NaN
12-May-2023,NaN,NaN,NaN,NaN,NaN,NaN,NaN,NaN,NaN,NaN,NaN,-0.141944665422625,-0.18107412188027,0.478308439100236,-0.240155214535113,0.574714225556807,NaN,NaN,NaN,NaN,NaN,NaN,NaN,NaN,NaN,NaN,NaN,NaN,NaN,NaN,NaN,NaN,NaN,NaN
15-May-2023,NaN,NaN,NaN,NaN,NaN,NaN,NaN,NaN,NaN,NaN,NaN,-0.0710479603598674,1.12662666550813,0.24135045703183,0.73235381492448,-1.15275051710674,NaN,NaN,NaN,NaN,NaN,NaN,NaN,NaN,NaN,NaN,NaN,NaN,NaN,NaN,NaN,NaN,NaN,NaN
16-May-2023,NaN,NaN,NaN,NaN,NaN,NaN,NaN,NaN,NaN,NaN,NaN,-1.00000833345833,-0.908935860636798,-2.6326055660241,0.365054352127813,-2.3461486678998,NaN,NaN,NaN,NaN,NaN,NaN,NaN,NaN,NaN,NaN,NaN,NaN,NaN,NaN,NaN,NaN,NaN,NaN
17-May-2023,NaN,NaN,NaN,NaN,NaN,NaN,NaN,NaN,NaN,NaN,NaN,0.143472047566037,1.65142015109292,1.90987319855962,1.32716280375988,-0.595239852729527,NaN,NaN,NaN,NaN,NaN,NaN,NaN,NaN,NaN,NaN,NaN,NaN,NaN,NaN,NaN,NaN,NaN,NaN
18-May-2023,NaN,NaN,NaN,NaN,NaN,NaN,NaN,NaN,NaN,NaN,NaN,-0.215285336110109,0.155364213041288,0.570046595596152,2.04379586007473,-0.298953884836605,NaN,NaN,NaN,NaN,NaN,NaN,NaN,NaN,NaN,NaN,NaN,NaN,NaN,NaN,NaN,NaN,NaN,NaN
19-May-2023,NaN,NaN,NaN,NaN,NaN,NaN,NaN,NaN,NaN,NaN,NaN,0.43010818993907,-0.646786552667606,0.621498466494507,-0.191270402052319,0,NaN,NaN,NaN,NaN,NaN,NaN,NaN,NaN,NaN,NaN,NaN,NaN,NaN,NaN,NaN,NaN,NaN,NaN
22-May-2023,NaN,NaN,NaN,NaN,NaN,NaN,NaN,NaN,NaN,NaN,NaN,0.142959280959437,0.377552195996953,-0.203693921611091,0.496737773982351,0,NaN,NaN,NaN,NaN,NaN,NaN,NaN,NaN,NaN,NaN,NaN,NaN,NaN,NaN,NaN,NaN,NaN,NaN
23-May-2023,NaN,NaN,NaN,NaN,NaN,NaN,NaN,NaN,NaN,NaN,NaN,-1.22171839385918,-1.88204169416784,0.966132566036402,-1.50676957567802,-0.299850299625656,NaN,NaN,NaN,NaN,NaN,NaN,NaN,NaN,NaN,NaN,NaN,NaN,NaN,NaN,NaN,NaN,NaN,NaN
24-May-2023,NaN,NaN,NaN,NaN,NaN,NaN,NaN,NaN,NaN,NaN,NaN,-0.725692589678718,-0.991568007543724,0.433083383679387,-0.545552670399433,-0.60241146033809,NaN,NaN,NaN,NaN,NaN,NaN,NaN,NaN,NaN,NaN,NaN,NaN,NaN,NaN,NaN,NaN,NaN,NaN
25-May-2023,NaN,NaN,NaN,NaN,NaN,NaN,NaN,NaN,NaN,NaN,NaN,-1.02489916168273,-0.755531570489677,-1.90262646778609,3.73400636547701,-1.52209940103552,NaN,NaN,NaN,NaN,NaN,NaN,NaN,NaN,NaN,NaN,NaN,NaN,NaN,NaN,NaN,NaN,NaN,NaN
26-May-2023,NaN,NaN,NaN,NaN,NaN,NaN,NaN,NaN,NaN,NaN,NaN,-0.147275431627454,0.583392810882222,-0.409167754722665,2.59876318504226,0,NaN,NaN,NaN,NaN,NaN,NaN,NaN,NaN,NaN,NaN,NaN,NaN,NaN,NaN,NaN,NaN,NaN,NaN
30-May-2023,NaN,NaN,NaN,NaN,NaN,NaN,NaN,NaN,NaN,NaN,NaN,-0.665436836261675,-0.167732142237214,-0.903936555458385,0.461616706704927,-0.615386557437822,NaN,NaN,NaN,NaN,NaN,NaN,NaN,NaN,NaN,NaN,NaN,NaN,NaN,NaN,NaN,NaN,NaN,NaN
31-May-2023,NaN,NaN,NaN,NaN,NaN,NaN,NaN,NaN,NaN,NaN,NaN,0.812712267889129,-0.765186032227386,-1.76965333514737,-0.862484045352458,0.921665510492405,NaN,NaN,NaN,NaN,NaN,NaN,NaN,NaN,NaN,NaN,NaN,NaN,NaN,NaN,NaN,NaN,NaN,NaN
01-Jun-2023,NaN,NaN,NaN,NaN,NaN,NaN,NaN,NaN,NaN,NaN,NaN,0.660068403135209,1.32260288638943,1.27567942153538,1.36632029167611,-0.613498856751594,NaN,NaN,NaN,NaN,NaN,NaN,NaN,NaN,NaN,NaN,NaN,NaN,NaN,NaN,NaN,NaN,NaN,NaN
02-Jun-2023,NaN,NaN,NaN,NaN,NaN,NaN,NaN,NaN,NaN,NaN,NaN,1.37933221323358,2.31314592640686,2.92789170274321,0.52507629074433,0.918842605440617,NaN,NaN,NaN,NaN,NaN,NaN,NaN,NaN,NaN,NaN,NaN,NaN,NaN,NaN,NaN,NaN,NaN,NaN
05-Jun-2023,NaN,NaN,NaN,NaN,NaN,NaN,NaN,NaN,NaN,NaN,NaN,0.359842057953331,-0.876996810604862,-0.647840655155183,-0.245242265214807,0.607904607638219,NaN,NaN,NaN,NaN,NaN,NaN,NaN,NaN,NaN,NaN,NaN,NaN,NaN,NaN,NaN,NaN,NaN,NaN
06-Jun-2023,NaN,NaN,NaN,NaN,NaN,NaN,NaN,NaN,NaN,NaN,NaN,-0.793368748507282,0.944086553996412,0.653889621539884,0.0478603129215873,-0.303490369515405,NaN,NaN,NaN,NaN,NaN,NaN,NaN,NaN,NaN,NaN,NaN,NaN,NaN,NaN,NaN,NaN,NaN,NaN
07-Jun-2023,NaN,NaN,NaN,NaN,NaN,NaN,NaN,NaN,NaN,NaN,NaN,-0.36271349160031,1.70423471259588,2.59719967144188,-2.12128044471392,1.80727810596946,NaN,NaN,NaN,NaN,NaN,NaN,NaN,NaN,NaN,NaN,NaN,NaN,NaN,NaN,NaN,NaN,NaN,NaN
08-Jun-2023,NaN,NaN,NaN,NaN,NaN,NaN,NaN,NaN,NaN,NaN,NaN,0.579711768432591,0.785626421858448,-0.389743174600826,1.02067460853784,0.298062813813772,NaN,NaN,NaN,NaN,NaN,NaN,NaN,NaN,NaN,NaN,NaN,NaN,NaN,NaN,NaN,NaN,NaN,NaN
09-Jun-2023,NaN,NaN,NaN,NaN,NaN,NaN,NaN,NaN,NaN,NaN,NaN,0.0722282443824089,-0.280466877958034,-0.60533411352822,0.380515413459294,-0.59701669865038,NaN,NaN,NaN,NaN,NaN,NaN,NaN,NaN,NaN,NaN,NaN,NaN,NaN,NaN,NaN,NaN,NaN,NaN
12-Jun-2023,NaN,NaN,NaN,NaN,NaN,NaN,NaN,NaN,NaN,NaN,NaN,0.504142227292615,0.60695468674401,-0.935955639406923,1.99062546890617,0,NaN,NaN,NaN,NaN,NaN,NaN,NaN,NaN,NaN,NaN,NaN,NaN,NaN,NaN,NaN,NaN,NaN,NaN
13-Jun-2023,NaN,NaN,NaN,NaN,NaN,NaN,NaN,NaN,NaN,NaN,NaN,0.573067470898507,-0.0574335553815413,0.492991985281308,0.659922659276026,0,NaN,NaN,NaN,NaN,NaN,NaN,NaN,NaN,NaN,NaN,NaN,NaN,NaN,NaN,NaN,NaN,NaN,NaN
14-Jun-2023,NaN,NaN,NaN,NaN,NaN,NaN,NaN,NaN,NaN,NaN,NaN,-1.07720969819111,-1.06217580472749,-1.09264423715807,0.966556008115078,-0.299850299625656,NaN,NaN,NaN,NaN,NaN,NaN,NaN,NaN,NaN,NaN,NaN,NaN,NaN,NaN,NaN,NaN,NaN,NaN
15-Jun-2023,NaN,NaN,NaN,NaN,NaN,NaN,NaN,NaN,NaN,NaN,NaN,1.50486537491713,1.00754745221189,1.0582586548433,1.34359790225196,1.19404403719178,NaN,NaN,NaN,NaN,NaN,NaN,NaN,NaN,NaN,NaN,NaN,NaN,NaN,NaN,NaN,NaN,NaN,NaN
16-Jun-2023,NaN,NaN,NaN,NaN,NaN,NaN,NaN,NaN,NaN,NaN,NaN,-0.0711490602764049,0.167584949336323,-0.0762884938609745,-0.892689887142358,0.591717702808852,NaN,NaN,NaN,NaN,NaN,NaN,NaN,NaN,NaN,NaN,NaN,NaN,NaN,NaN,NaN,NaN,NaN,NaN
20-Jun-2023,NaN,NaN,NaN,NaN,NaN,NaN,NaN,NaN,NaN,NaN,NaN,-0.142450166538517,-0.531223021672198,-2.2365391208163,-0.360208085586539,-1.18695755553839,NaN,NaN,NaN,NaN,NaN,NaN,NaN,NaN,NaN,NaN,NaN,NaN,NaN,NaN,NaN,NaN,NaN,NaN
21-Jun-2023,NaN,NaN,NaN,NaN,NaN,NaN,NaN,NaN,NaN,NaN,NaN,0,0.934222775165855,0.891223973173117,-1.57622182967626,0.891536365795233,NaN,NaN,NaN,NaN,NaN,NaN,NaN,NaN,NaN,NaN,NaN,NaN,NaN,NaN,NaN,NaN,NaN,NaN
22-Jun-2023,NaN,NaN,NaN,NaN,NaN,NaN,NaN,NaN,NaN,NaN,NaN,0.639433795072654,-1.60438680805262,-1.28835107727783,1.10359200147018,-0.891536365795239,NaN,NaN,NaN,NaN,NaN,NaN,NaN,NaN,NaN,NaN,NaN,NaN,NaN,NaN,NaN,NaN,NaN,NaN
23-Jun-2023,NaN,NaN,NaN,NaN,NaN,NaN,NaN,NaN,NaN,NaN,NaN,-0.425834568257719,-0.696706261547039,-0.836192351089755,-0.915282256444592,-1.50378773645406,NaN,NaN,NaN,NaN,NaN,NaN,NaN,NaN,NaN,NaN,NaN,NaN,NaN,NaN,NaN,NaN,NaN,NaN
26-Jun-2023,NaN,NaN,NaN,NaN,NaN,NaN,NaN,NaN,NaN,NaN,NaN,-0.64217131136484,-0.160936600589516,1.58008851406197,-1.41453033479473,0.904983551991786,NaN,NaN,NaN,NaN,NaN,NaN,NaN,NaN,NaN,NaN,NaN,NaN,NaN,NaN,NaN,NaN,NaN,NaN
27-Jun-2023,NaN,NaN,NaN,NaN,NaN,NaN,NaN,NaN,NaN,NaN,NaN,-0.14326650014958,1.19153010951036,0.313651708153657,1.91660688960019,0,NaN,NaN,NaN,NaN,NaN,NaN,NaN,NaN,NaN,NaN,NaN,NaN,NaN,NaN,NaN,NaN,NaN,NaN
28-Jun-2023,NaN,NaN,NaN,NaN,NaN,NaN,NaN,NaN,NaN,NaN,NaN,-0.287150233202308,-0.0890540265366701,0.950154663157925,0.176050468461937,-1.51288815963001,NaN,NaN,NaN,NaN,NaN,NaN,NaN,NaN,NaN,NaN,NaN,NaN,NaN,NaN,NaN,NaN,NaN,NaN
29-Jun-2023,NaN,NaN,NaN,NaN,NaN,NaN,NaN,NaN,NaN,NaN,NaN,0.573478274203818,1.38341890534432,1.16174188613199,-0.132793073966936,0,NaN,NaN,NaN,NaN,NaN,NaN,NaN,NaN,NaN,NaN,NaN,NaN,NaN,NaN,NaN,NaN,NaN,NaN
30-Jun-2023,NaN,NaN,NaN,NaN,NaN,NaN,NaN,NaN,NaN,NaN,NaN,0.99574080190462,0.3102741431805,0.663123549706106,1.66886086774739,1.21213605323448,NaN,NaN,NaN,NaN,NaN,NaN,NaN,NaN,NaN,NaN,NaN,NaN,NaN,NaN,NaN,NaN,NaN,NaN
03-Jul-2023,NaN,NaN,NaN,NaN,NaN,NaN,NaN,NaN,NaN,NaN,NaN,-0.781531508999208,0.141445158057433,0.327709429281067,-0.257950201338714,0.899556290857778,NaN,NaN,NaN,NaN,NaN,NaN,NaN,NaN,NaN,NaN,NaN,NaN,NaN,NaN,NaN,NaN,NaN,NaN
05-Jul-2023,NaN,NaN,NaN,NaN,NaN,NaN,NaN,NaN,NaN,NaN,NaN,-0.0713521257528356,-0.0941842166511591,-0.560117921317647,-0.163189528404387,0.891536365795233,NaN,NaN,NaN,NaN,NaN,NaN,NaN,NaN,NaN,NaN,NaN,NaN,NaN,NaN,NaN,NaN,NaN,NaN
06-Jul-2023,NaN,NaN,NaN,NaN,NaN,NaN,NaN,NaN,NaN,NaN,NaN,-0.932240527025719,-0.578898675456936,-2.42562498630481,-0.412475969342391,-1.19049025063183,NaN,NaN,NaN,NaN,NaN,NaN,NaN,NaN,NaN,NaN,NaN,NaN,NaN,NaN,NaN,NaN,NaN,NaN
07-Jul-2023,NaN,NaN,NaN,NaN,NaN,NaN,NaN,NaN,NaN,NaN,NaN,-1.08657352987788,-0.0940704022679285,2.06484156215698,-0.418424162443888,-0.600602406021192,NaN,NaN,NaN,NaN,NaN,NaN,NaN,NaN,NaN,NaN,NaN,NaN,NaN,NaN,NaN,NaN,NaN,NaN
10-Jul-2023,NaN,NaN,NaN,NaN,NaN,NaN,NaN,NaN,NaN,NaN,NaN,0.870201285346785,0.64658023784904,0.736512394909868,-0.106946509035196,-0.604231445596259,NaN,NaN,NaN,NaN,NaN,NaN,NaN,NaN,NaN,NaN,NaN,NaN,NaN,NaN,NaN,NaN,NaN,NaN
11-Jul-2023,NaN,NaN,NaN,NaN,NaN,NaN,NaN,NaN,NaN,NaN,NaN,0.0721761128409677,1.20700416052938,2.20642816963199,0.415089131124115,1.20483385161746,NaN,NaN,NaN,NaN,NaN,NaN,NaN,NaN,NaN,NaN,NaN,NaN,NaN,NaN,NaN,NaN,NaN,NaN
12-Jul-2023,NaN,NaN,NaN,NaN,NaN,NaN,NaN,NaN,NaN,NaN,NaN,-0.216684808509031,-0.683848782156453,0.849930694002314,1.32442022421082,1.48591144037499,NaN,NaN,NaN,NaN,NaN,NaN,NaN,NaN,NaN,NaN,NaN,NaN,NaN,NaN,NaN,NaN,NaN,NaN
13-Jul-2023,NaN,NaN,NaN,NaN,NaN,NaN,NaN,NaN,NaN,NaN,NaN,0,0.171199244411175,-0.360086752423566,1.89304247953478,0.588236990306661,NaN,NaN,NaN,NaN,NaN,NaN,NaN,NaN,NaN,NaN,NaN,NaN,NaN,NaN,NaN,NaN,NaN,NaN
14-Jul-2023,NaN,NaN,NaN,NaN,NaN,NaN,NaN,NaN,NaN,NaN,NaN,1.36447359297771,-1.23119465781991,-2.78785532538772,-0.185649421822184,-0.588236990306652,NaN,NaN,NaN,NaN,NaN,NaN,NaN,NaN,NaN,NaN,NaN,NaN,NaN,NaN,NaN,NaN,NaN,NaN
17-Jul-2023,NaN,NaN,NaN,NaN,NaN,NaN,NaN,NaN,NaN,NaN,NaN,-0.428878427221759,0.54862949161649,0.0723872305084614,1.13373110865319,-1.18695755553839,NaN,NaN,NaN,NaN,NaN,NaN,NaN,NaN,NaN,NaN,NaN,NaN,NaN,NaN,NaN,NaN,NaN,NaN
18-Jul-2023,NaN,NaN,NaN,NaN,NaN,NaN,NaN,NaN,NaN,NaN,NaN,0.64262984455284,-0.454662217314594,1.04011515034773,1.0080679161143,-0.598804184462256,NaN,NaN,NaN,NaN,NaN,NaN,NaN,NaN,NaN,NaN,NaN,NaN,NaN,NaN,NaN,NaN,NaN,NaN
19-Jul-2023,NaN,NaN,NaN,NaN,NaN,NaN,NaN,NaN,NaN,NaN,NaN,0.426137008496789,-0.561060252261108,0.481127639388553,-0.232219363326127,0.896866998276032,NaN,NaN,NaN,NaN,NaN,NaN,NaN,NaN,NaN,NaN,NaN,NaN,NaN,NaN,NaN,NaN,NaN,NaN
20-Jul-2023,NaN,NaN,NaN,NaN,NaN,NaN,NaN,NaN,NaN,NaN,NaN,1.40748277036369,1.26987387916515,1.18128971716655,-2.36079867300545,1.76995770994009,NaN,NaN,NaN,NaN,NaN,NaN,NaN,NaN,NaN,NaN,NaN,NaN,NaN,NaN,NaN,NaN,NaN,NaN
21-Jul-2023,NaN,NaN,NaN,NaN,NaN,NaN,NaN,NaN,NaN,NaN,NaN,1.04276231622592,-0.5654454505481,0.751791722751115,-0.350088856982475,1.4514042884254,NaN,NaN,NaN,NaN,NaN,NaN,NaN,NaN,NaN,NaN,NaN,NaN,NaN,NaN,NaN,NaN,NaN,NaN
24-Jul-2023,NaN,NaN,NaN,NaN,NaN,NaN,NaN,NaN,NaN,NaN,NaN,-0.27700848738156,0.496084802835079,1.56411321915783,0.268105995049481,-0.288600488913499,NaN,NaN,NaN,NaN,NaN,NaN,NaN,NaN,NaN,NaN,NaN,NaN,NaN,NaN,NaN,NaN,NaN,NaN
25-Jul-2023,NaN,NaN,NaN,NaN,NaN,NaN,NaN,NaN,NaN,NaN,NaN,-0.0693721845372297,-2.06729318910268,0.551837586284866,1.10650243077386,0.288600488913485,NaN,NaN,NaN,NaN,NaN,NaN,NaN,NaN,NaN,NaN,NaN,NaN,NaN,NaN,NaN,NaN,NaN,NaN
26-Jul-2023,NaN,NaN,NaN,NaN,NaN,NaN,NaN,NaN,NaN,NaN,NaN,0,1.52433709502655,-0.0922277251589992,-0.464370316856956,0,NaN,NaN,NaN,NaN,NaN,NaN,NaN,NaN,NaN,NaN,NaN,NaN,NaN,NaN,NaN,NaN,NaN,NaN
27-Jul-2023,NaN,NaN,NaN,NaN,NaN,NaN,NaN,NaN,NaN,NaN,NaN,-0.836241806965471,-0.454248161051193,-0.55094240925936,-0.10655623790547,-1.74423026633424,NaN,NaN,NaN,NaN,NaN,NaN,NaN,NaN,NaN,NaN,NaN,NaN,NaN,NaN,NaN,NaN,NaN,NaN
28-Jul-2023,NaN,NaN,NaN,NaN,NaN,NaN,NaN,NaN,NaN,NaN,NaN,0.418995026385414,0.979924211691446,0.298979062588377,1.83201012051585,-0.293685967330971,NaN,NaN,NaN,NaN,NaN,NaN,NaN,NaN,NaN,NaN,NaN,NaN,NaN,NaN,NaN,NaN,NaN,NaN
31-Jul-2023,NaN,NaN,NaN,NaN,NaN,NaN,NaN,NaN,NaN,NaN,NaN,-0.769503622180037,0.669098572758257,1.91843751486504,0.141871027056674,0,NaN,NaN,NaN,NaN,NaN,NaN,NaN,NaN,NaN,NaN,NaN,NaN,NaN,NaN,NaN,NaN,NaN,NaN
01-Aug-2023,-0.433618840375174,-2.90827251080583,-0.870745630714326,-3.9592935130227,-4.62834212410762,-0.289238823508363,-0.995702521216648,-0.834463057869001,-2.29807125785185,-2.36194258228806,-1.43286033530408,-0.563381771825602,-0.0223757917713731,-0.492058468434954,0.0249654082294642,-1.18344576470028,-1.58263517560922,-2.3020915187718,0.78410808938402,-0.885463839588726,0.808517572438882,1.0939784924005,-3.1581572050299,-1.55361618084239,-0.471901347632909,-0.223450639840205,-1.2557720485485,-2.78225055992991,-1.57826405274617,0.0454803873672338,-0.361299595463555,-2.40692792508735,-0.322418216026917,-0.579820197314344
02-Aug-2023,-1.5560105788579,0.142687301260003,-0.739414866476687,-4.40118787537402,-4.03131843507726,-1.53670878240124,3.27243885026663,-1.59615847186804,-2.11440923304196,0.076452603112262,-6.0737376218674,-0.0706464176327106,-2.0801547473805,-1.39414833027884,-2.76207095233653,0,0.411523214510658,-4.2327963130165,0.40302098440157,-2.43923916026698,0.602126966783748,-0.604553761630346,-2.10154837213889,-0.360910996977929,-4.93600964919558,-0.206252467117613,-0.732810494710453,-9.10090979049342,-1.43648878951041,-2.89474170487043,-1.4733871062741,-2.70213264608685,0.0118866018326523,-1.25526635259469
03-Aug-2023,-0.734856727121108,-1.87100684624673,0.125783452206733,-1.22830110697595,0.353240239257132,-0.520427924560253,-2.77334831538923,-0.0375704450255321,-2.40299908588375,-3.1046342930864,-0.512493114025524,-0.566975296294896,-0.187115528261129,1.10910987851551,-0.30688466695392,-2.40975515790605,-2.36205623470744,1.00379824726899,-0.27440930736141,0.0545107672260481,0.428718906542781,-0.142780677477918,0.484262447578799,-2.54925430738583,0.540663628371317,0.147366586249853,-0.995033085316809,0.556389194804937,-0.894360349389743,-0.928708256169293,-0.282765280680844,2.02955761702387,0.0118851890875487,1.72312535142492
04-Aug-2023,-4.92113440286113,-5.01470164807218,5.30948781894013,1.26317469059006,-3.86434693222438,-1.1193820423942,-1.94286391114614,-0.225719576680637,1.04839669942012,-3.0617699293249,-0.773698250215256,-0.284697701192815,0.506486429953127,0.0401759434628719,-1.22622288927712,-1.22700925918144,-1.01207559091626,-0.952339387490935,-0.720579579070143,-0.265045368755001,-0.94207008552938,-0.492369286178461,-4.50832750641928,-1.3355551428051,0.38120911732371,-0.881532110022204,0.0571265368292208,-1.33192087155276,-4.00970093974681,-0.141827230959654,-0.489846113059559,-2.12798863467637,-0.422791645979183,0.279668309439623
07-Aug-2023,-1.74042748072888,0.305033281762288,3.8939263082721,0.452253336501753,-1.55829320484067,0.674878761156412,1.38966814026736,0.363408921252535,-0.20076296644879,-0.142348778485374,-0.129533696868498,1.06346269896118,1.48177512081175,0.172987677982266,0.598858238122212,0,0.223314072259145,0.625675152539237,1.4095978078121,2.63456926123447,2.37340888743623,0.90676221514859,-4.92008612545166,-0.769178743278651,1.64265624764125,0.284832853381769,1.86709808541028,-4.51204352804695,-4.72717383681411,1.08223618333372,0.787603148303484,-0.953877134205741,1.58074077975562,-0.205013584061161
08-Aug-2023,0.529765633249319,-0.406918160672574,3.06015236006677,0.415656989160672,2.39091848839514,0.964931205798054,0.121695640737447,-0.150215963653787,-1.74340519500976,0.26420094628388,-1.83131344196913,0.702743580745688,-0.52286088947709,0.471770563112336,-0.874833336711915,0.615386557437829,2.71758843935473,0.255297560158366,-1.2044603830387,-0.0988856430177058,0.0462053837491632,-0.0689463469068882,4.22277743626565,0.101929386327763,-1.68742902654007,2.54496433325003,-0.112170510920002,-1.27506281187824,4.61021475915385,0.862074304390695,-0.410585660549786,-0.698396533224625,-0.960070329300393,0.493184826939966
09-Aug-2023,-0.899472529819665,-0.0509813928962247,-0.569100974570299,0.310612846799804,-4.29350083398471,0.732667157124652,0.807541400554533,0.131451303708196,3.21959398004879,0.848832905835741,-1.32892321186828,-0.0700525422693276,0.643819874484385,1.25271734767158,-1.58583445411307,0,0.746151069218907,3.75325514740672,0.741220854364484,-1.33304663036606,-0.0635379082747481,0.740350058949084,-1.34488098126131,0.305166261674431,-4.83983913926286,-1.19128584360025,0.559598550412125,-1.47740452713077,-4.48774076956428,1.79335763821926,-0.770629380392081,-3.05376552106937,-0.744073196898297,1.68442474887762
10-Aug-2023,-0.123539997742913,0,1.05106648696443,0.275292672140508,-1.13278502195199,-0.525251993316784,-0.861610069079105,0.604947430968308,0.513530656487277,0.381641519760654,10.4691395525802,0,-0.494084236137234,-0.0434995385033202,0.0566786336730132,-0.307219903697014,0.096914884019136,0.690147376011616,-0.212483479679902,0.0231347600800556,-0.521377614852685,-0.611392374766693,-6.38939835709459,-0.918306868673087,-0.376736965483732,-0.275135546020737,-0.335383209843155,-17.2140996861837,-8.55658883296467,-1.78175872850377,0.0480228496888634,1.29224615295722,0.272477022964782,0.509833587952924
11-Aug-2023,-0.101191823341401,-0.767856345039586,0.171569136772919,0.445740494570773,-2.89557942564941,1.69495583137732,1.22288697236698,2.04327374400455,0.745832701685371,-0.583092031079321,-0.06025911601445,0.559051071688497,0.268616392752425,1.46713117936081,-0.807772329373947,0.613498856751593,0.97467702470908,-0.0683126795376147,0.587652193731073,-0.100289304452156,0.971049766548945,0.884863643274308,2.24270357874442,0.918306868673089,-3.70056640585339,-0.264138914468986,0.891867673183881,0.660795356003209,1.52169658048605,0.716517569110258,-0.139076805444846,-1.10249277533807,0.89571430007998,1.54091807656903
14-Aug-2023,0.934926334143146,-2.28700196406148,-0.588371835660929,-1.17000646450107,-0.247188359704361,-0.101910836845711,-0.710411137348778,-0.0731306023207307,-0.943032528951145,-1.21730048505591,4.19063973013802,0.347826437632479,-0.29449271658492,-0.34493668984355,1.73368311083007,-0.921665510492395,-1.10391775352239,3.15183427956698,-0.273513493257621,1.35691452939401,-0.236114020258899,-0.878197939429064,0.736528270956047,-0.523713737020457,6.85847914976115,0.0176309835607075,0.083206217531047,1.95658415538801,-3.8144470448565,-0.461681337140597,0.64067212028459,-1.19816528428175,0.573146209475009,0.0804469317128797
15-Aug-2023,-1.12634627774063,-5.51192992210796,1.9128443872466,-2.9150439803829,-2.03769785673717,-1.86969425889819,-1.3679362763398,-2.96368397922779,-1.51156418160562,-2.45905561530732,-3.35029865050007,-0.347826437632481,-1.4600376480458,-2.44019102733759,-0.977190065749395,-1.55524130074848,-1.46558558785329,-5.64269693435796,-1.44162674686225,-1.18725304040462,-0.288700471899726,-1.4547175944483,-7.3338524322792,-1.78063714331515,0.433345415284055,-0.737270731760242,-1.90322005580756,-4.40115032999338,-6.77268636244263,-0.906455945146033,-1.15312948002952,-2.87716580000865,-0.833321777545277,-3.41727180625718
16-Aug-2023,-0.497148077779857,2.25222373488218,-0.372860722353532,0.0356315699476247,-0.227588921096311,-0.75603227806726,-0.835335223648472,-0.383805171175271,-0.683694599653122,0.584065072954183,1.77729796758644,-0.839753010386909,-0.389133921087489,-0.900925695982,-0.983425471248842,0.312989300892757,0.283935977586397,-4.05447139115469,0.205945631530026,-0.835659459094153,-0.318536162539696,0.348820553756615,-3.13551023473305,0.311318908322637,-1.0294040346917,-1.28695770531467,0.253986308400663,-3.54931360259424,-4.47836026269733,-0.60890117872186,-0.737765807264694,-3.21032453844174,-0.619650584534288,-1.69701042184615
17-Aug-2023,-1.46620991001778,-1.97483104660965,-0.44245349848131,-0.858681483599183,-4.45208098337127,1.80667921446556,-8.49133693266234,0.703564683728043,-1.58636639731675,0.0207965062619248,-12.4263176152903,-0.776018003666494,-0.999906682146535,1.07849062608337,-0.924149907307766,-0.31298930089277,-1.09650221413282,-4.50346526320019,-0.574121334781197,0.943476181128687,0.935341692059982,0.347608024296173,-9.71637484536477,-0.0740356885820122,-0.345503050133406,-11.0597948467451,2.86170382261668,0.116482249629311,-11.216905259748,0.0117446708691009,-0.73550543733186,-2.86877278363265,-1.92483286484369,1.91865809293534
18-Aug-2023,0.281213419560957,-0.221852559102522,-0.772351509972397,1.10774761484437,-3.18682430201731,0.478592486884171,0.0149689394785993,0.717296074069335,-0.534430871192477,0.70452011255665,0.398142529918482,0,0.750062553725389,0.86403977253208,-0.064683352027026,0.312989300892757,0.549753995919478,-0.837557927552428,0.944649202282003,-1.91162865272197,-0.877350505094945,0.753845263200849,-8.24946909208232,0.472883990420904,-0.0923361099768984,1.51558338387384,0.410004674401333,0.580384681980027,-5.62044308890805,0.760459938521921,-0.054219435122468,-1.71612870327574,0.902867882504515,1.50158470508279
21-Aug-2023,0.770705724517269,-0.556794311524441,-0.428692381249694,-0.142247534654288,2.81556956639885,-0.0682302798324943,0.403316701762218,-0.336176622403125,-1.28605796589799,-0.642156530865973,0.0662032463769582,0.141542840333076,0.0337124140866581,-0.540006097093147,2.05883346853699,-0.626961301359537,-1.73648117110155,-0.115508387199929,-0.0624024981248345,0.711412921068727,-3.0251836119202,0.31723170079195,-2.06008181061509,-1.11186380029801,8.13564650304595,0.454172246875811,0.950190398650567,2.28842938335878,-3.11951900779384,-0.326873977712679,0.815344220325859,7.07145929532706,-0.152592086790251,-1.21601498404649
22-Aug-2023,0.787383341173706,0.278784680143321,-1.18846899715142,-1.3976217464813,-0.506060475395037,-0.908473851867066,-0.0447327227320547,-0.826554486604239,0.208550649102136,-0.667225160906779,-1.93791564167074,-0.283286308430409,0.481989412925148,-0.755416351781483,-0.170072276701411,0.313972000466785,-0.0446378759783209,-2.9036099028774,0,0.551564808692589,-0.797916463044596,0.320644216206916,-0.909097170125208,0.653791333269343,-2.80674728419961,-2.76325048072291,-0.460393501095836,-4.7490104635788,-1.69176967205315,-0.22241741682963,-0.277036910205454,0.822447420214724,-1.07877654737641,-0.562706157074643
23-Aug-2023,2.171147094777,1.98462963719305,-0.100974803717093,2.56515667880213,3.77304382044275,-0.293154202013194,-0.974155324529925,0.131955154400881,3.15794131533225,0,-5.83498830622766,0.283286308430411,0.303434545053041,-0.315409671196977,2.00039659983718,0.625002034517133,0.833662361697116,2.28530165059818,0.258271506614186,2.51686645419183,-0.901533862833084,0.35922507803308,7.05137843276581,0.546489802585415,3.12559121464236,3.41783159654043,-0.489796897554736,-2.76626177435567,5.26194289003606,0.828621185103594,1.17722021923018,1.56156773831111,-0.590765433040698,-0.882700272557649
24-Aug-2023,-2.65190365547835,-3.32994140690495,-0.287949146389866,0.0703234909431504,-5.4424417710682,-0.875943331082033,0.135450393197527,-0.826008038283781,-0.242522350074941,0.563264240845915,-0.358294901394986,-0.780976635405712,-1.89762270459806,-0.822236902588924,-2.26485248355631,-0.625002034517129,-0.388177718060098,-3.47077090804937,-0.436779229845479,-1.97603225326571,0.339785534121832,-0.445366288673958,-10.7727380668092,-0.991792601659611,0.0848536325838864,-1.38621935295282,-1.37327068875832,-2.5943394492024,-7.07930519910993,-1.03978972908321,-1.4112467375928,-2.92160424477956,-0.274157750949152,-0.749418027333994
25-Aug-2023,1.25638994563575,1.90056028119045,-0.0935672582883755,0.874896219323554,0.811253773201492,1.48714482057679,1.24058089082417,0.744342047628195,1.00665235007083,0.931780216998017,9.11902380645967,0.639433795072654,0.57848000920564,1.0326205149078,0.687077639989092,0.625002034517133,0.653488508221075,1.7222695293666,-0.129617646144669,0.0770238041622853,0.700189979618636,-0.323137813823956,0,1.09484745067716,-2.44699910619503,-0.178778395572811,0.606563756600072,1.73701637815359,0.0964785410098903,-0.541687617518973,0.67998671103919,3.64933907916002,0.208755524942251,1.7707825236353
28-Aug-2023,0.880719182233061,-0.778214044205474,0.0662858503985381,-0.104584287029693,-0.743397354773668,0.854559977438795,-0.118906078219035,0.682682011290614,0.837826564599772,0.841462122518282,-1.51868220914279,0.282885620047762,1.18651622650729,0.723268177901514,0.824803109379164,0,-0.620157026328116,-0.389599882996623,0.784073157494504,0.866270893093395,-1.18595206177181,0.272301781033986,0.661315589171723,0.0882482775318122,1.74479385882305,-0.238869465314748,-0.468384931242643,2.4302532619032,1.15054001667699,1.23219302363233,0.599162966826654,0.0963532468084912,0.440637187861936,0.837132895753836
29-Aug-2023,2.15758692103179,1.6053486192732,1.1972478777294,2.31004928195571,13.8977126456811,0.11905775706881,-0.163727058975469,-0.156167068000534,1.06699293246968,1.27933514599095,-0.1998002662673,0.84388686458646,0.190723703912584,0.376777291080674,2.22624283845377,0.311042241439233,0.299484445460126,2.70686504678682,0.354374678719498,2.68108535878707,0.012172854549429,-0.870420274727538,25.3195896380612,-0.752604452527019,4.07963695923238,5.95728811670676,-0.165837517277623,6.39381008253275,15.9176839970166,-0.455901192938146,1.5337182307867,7.40660987370544,0.315005696863647,0.593690376948428
30-Aug-2023,1.89908066319891,0.054899809229552,-0.680169572284845,-3.11551677797955,-1.03246630082427,0.880019217931254,-0.447895642768135,0.137439891691855,-1.22603869164207,-0.121138718629709,3.8579481967475,0,0.926148114079795,0.525114583397567,0.797528047873898,-0.311042241439239,-0.377275192284575,1.82780547536055,0.480823176507401,0.968763353893304,-0.353615781233876,0.890315713211265,-1.54699217721317,-0.62407334789825,0.97919999046175,-1.55169002050669,-0.693965311054048,-3.55338243943903,-2.05346024417078,1.25743885240974,0.40471725073601,-0.10893247264551,-0.264131162540198,0.969693583197121
31-Aug-2023,0.117170869817779,-1.60446042147707,-0.598967214074156,-1.7379405333932,-5.17768457994288,0.2776260564166,-2.51528411786897,0.572710728739231,-1.44291080542326,-1.95844692761893,5.1870420954597,-1.12677248463423,-0.563803115610356,0.129150682398011,0.441292733060291,-1.25393492527353,-1.28673103984178,2.22421487337207,-0.264387216666509,0.213196184410073,-1.25996565560353,-0.901467093206081,-6.91519678201166,-0.433192103219671,0.182537318709878,-4.49199693186739,-1.45906067625939,-1.29185589915564,-5.98469160092525,-0.45225333650175,-0.154698369091884,0.458271026106083,-3.08873754912825,0.279191427356485
01-Sep-2023,0.842768616818083,-0.223339009641371,0.144235479639514,-0.934586241823766,-2.04334795079306,2.57923656152003,0.764295985859226,1.96687348602939,-0.851414022232656,-1.36903196086829,0.546615390775439,0.282885620047762,0.256674456924571,1.99078469222678,0.19741224787721,-0.315956029036848,-0.98456066072135,-1.46477891251596,-0.119202680722654,-0.375234961855035,-0.744974888174024,-0.0379239963052038,-4.64063728141558,0.10473555232873,-1.71678036223654,-0.894950206219173,1.12423893489338,0.58927689671507,-2.76927030784625,0.278551712142623,0.204550061342947,-5.19705883386047,-0.0713671027961019,2.07385831366294
05-Sep-2023,0.126595649357989,-2.54754790397942,-1.05734067757775,-1.30863372428939,-0.63026769831053,0.56333577560143,-0.0914076846095154,1.30610152747267,-1.3114942077828,-2.30283758116476,3.56968299720653,-0.993620665912972,-1.43854129609428,0.332402912100762,0.406896832799236,-1.5949301407678,-1.46640272292957,0.0590049634927822,-1.35203304826511,0.0810522094256512,0.124548527745618,-0.669378010079985,0,-1.00699731229246,0.0824232480208763,0.113983048982881,-1.12423893489338,0.585824756836807,-0.544960476756459,-1.43585026790849,-0.366991212158354,4.57906514577667,0.955025282845904,0.0088086324655184
06-Sep-2023,-3.64496483531341,-0.0573558948904112,-1.98805800214346,-6.42214595639968,0.694357939560916,0.195201363324235,-0.152532061300107,0.102074523258297,-1.41257022636487,-1.81156560764287,3.16391072717119,-0.572247627406621,-1.31375856330419,0.0464483602126885,-1.24795518473908,0,0.964748495655787,-2.38229243837497,-2.39261039436077,-0.96955205712993,-1.67564873276739,-4.89092215496139,0.498754151103919,-0.773375603858101,-3.11708114381173,0.0134012329334984,-2.89625978698969,-1.29337487845684,2.34034083841604,-1.82729336767327,-0.841406965808583,-1.79781007032916,-0.808148486051748,0.85950362488058
07-Sep-2023,-2.96856486219999,-2.5567923848089,2.1375466216419,1.24080692359179,4.69334709919722,-1.11121332977797,0.13728932062583,0.00600114021842793,-0.209424160311463,0.173950902745402,-2.17524317999043,0.358038334501205,0.0301165997382337,-0.247087549491858,-1.22476477559023,1.2779726646399,2.15961810612954,-0.877029257081631,0.293080761145616,0.593209510590314,1.27029754944912,0.470655549475866,2.45712607305053,0.848875796195009,-1.75781589350944,1.5226864230516,-0.262199713216341,-2.15319323334825,1.237858423264,0.977128842141206,-0.353741177927245,-0.170834947489338,1.63663647919998,-0.490239973355484
08-Sep-2023,0.348569532666336,1.63459564747467,1.96183941814137,1.98404066271122,0.366121961329211,0.826417173248051,0.365186041877124,0.341471052186126,1.25001627642312,2.34041815141812,-2.69811088311077,-0.0715051871725653,-1.12966620072178,0.992609957722685,0.254189174388139,0.947874395454374,1.79585804090272,1.49022581302176,-0.375664726198922,0.824625494571309,0.330640683018373,-0.671356890709105,-12.4785652184565,0.871661665664705,-1.45956190883309,-1.08812113946753,-0.0875529021344726,-3.82055091793083,-3.85179724356752,-1.01305913775502,0.187133374456267,-1.19603817811923,-0.836807633744568,1.44627019955369
11-Sep-2023,0.660068403135209,-0.173862692304025,0.878831330284452,0.489919954864349,-1.8069448671155,-1.8753634005413,4.32491801778663,-2.08485661215437,0.454452341732247,0.381275615455603,-2.89525651129451,0.712761392423214,-1.45435602597565,-1.34970560700795,0.653806851216136,0.313972000466785,0.831514637819166,-2.11823243422303,-0.737092755364548,0.395170656947759,1.29944282505465,-0.576001592532714,-8.01190931145086,1.04198620637719,-0.859509423593393,-3.86284936199385,-0.909230490215413,0.376175992189159,-7.68514580994726,-8.21012056974016,0.724987442303831,9.61512381246147,-0.289538295278602,-1.26214845186494
12-Sep-2023,-1.72078699200252,-1.225577056095,-0.540200152803011,1.45552112422597,0.864523107112604,2.16828468403081,2.54196209829888,1.845349881293,0.861897393867609,0.569201494630283,-1.29351972947394,-0.213295495014152,-0.486795083284742,2.2777743487905,-1.68019724210598,0.312989300892757,0.369766598579703,0.871477303667271,0.511934705044393,-1.1606682857905,0.564003456819901,-0.675025521105958,0.889773541986479,0.295726964006166,-0.688509105196527,3.66251540517633,0.616832621071892,3.80647550243691,3.86895449501789,-1.75788338782895,-0.538203602851071,-2.25492864755203,0.108414654935548,2.87522504109003
13-Sep-2023,-1.19256213517564,-0.235155899075643,-1.19026021655458,0.443623648066089,-1.81168871250706,-0.627574495456929,-0.39784082028083,-0.366355774461632,1.54098750880576,0.377675648254909,0.371287555242649,0,-0.359301099558986,-0.835925887522693,0.393765854130655,1.24225199985571,1.89252960303383,-5.94301878740241,1.05704876060473,1.00717631398215,0.25032830485262,0.753442919528238,-2.6934296515715,1.02821117375941,1.37231015940209,0.500084389416131,-0.205188405568408,-1.09025913382154,-2.49772830861972,0,0.120970805346833,1.41804224791083,-0.0125033863500926,-0.897710470205873
14-Sep-2023,0.874416201562894,2.32703926823511,1.95182605648658,2.94406143835976,4.39725484727689,1.77469104054906,-0.413724821537094,0.617822797168367,1.27950566045867,1.57908953303859,-0.557449569912642,0.213295495014159,0.555404990428735,1.26037805786779,0.777461369823126,1.22700925918144,1.65851791889339,3.74144358502576,0.802452452887423,1.01161664713455,-0.152564640705218,1.15720165322933,1.1060947359425,1.23449392897733,0.197650223562549,1.16380338891134,0.205188405568419,6.1412446387174,6.496401426012,-0.0794386378329866,0.787761223826538,1.7320563087515,0.780540373993873,1.77056038279419
15-Sep-2023,-0.416251491963114,-0.866306313064478,-0.604185234352179,0.535811247961925,-1.57008056245669,-0.749791878866327,1.30665117106744,-0.437480097253285,0.752032042180048,-0.0824912399840563,-0.62305497506362,-0.784317746102589,-0.248554686084904,-1.33803569689812,-1.88189337144191,-0.305343748689034,-0.283271447879215,-1.68071183163812,1.16272549621898,-0.50816806269974,-1.40843067440181,-0.432972415573842,-2.02027073175194,-0.928080907447286,-3.75547037364125,0,-0.234535434392385,-2.43490290102866,-1.83997831188418,0.396563639334689,-1.21938933130793,-0.59953307134268,0.638979809877099,-1.54751834128541
18-Sep-2023,1.67718816138282,-0.932407687512329,0.927717727048172,-0.285408684642905,-0.65950410021257,0.733726331398253,-0.240163991963762,0.431500130141328,-1.54980252773433,0.329557455840986,-0.941922191649164,-0.214976793649266,0.198763507383279,0.579003921758119,0.44146855322821,0,-0.2314085391552,-3.69274527011825,0.124894079306207,0.587788782768625,0.629787213737492,1.36082014714207,-0.102092913410734,-0.584455199628324,0.159326311159309,1.02035027435894,-1.27013965681279,-4.43984135884529,1.47468110201499,-0.821305451229392,0.0278216884500855,-3.37645800920443,-0.13158437689537,0.802257439328396
19-Sep-2023,0.616179408677388,-1.89130933064866,0.439844488736006,-1.22215755590184,-4.35776974724986,-1.06607373737819,1.80816475786844,-0.0119610071310643,0.0800640555179229,-1.61695065167311,-0.887204805575973,0.0717102934996823,-0.572884517293526,-0.85062139841865,-0.0851721912313082,-0.613498856751594,-1.18645459561925,0.854807531960301,-0.661928263264932,-0.123076938613273,-0.166322766034646,-1.06412594814799,-2.3773729479109,-0.95708600711608,-1.02869806450315,0.726191351854525,1.03505286032774,1.09824166686089,-4.58667197339546,-0.133102641772395,-0.273494054848413,0.458837165896925,-1.11719136153743,-0.263863625026182
20-Sep-2023,-2.01947296231527,0.178837603551242,2.66921421826711,0.144560921452684,-1.88636084378498,-1.62898048128684,-0.808930492019292,-0.305490069560456,-0.521565876429589,0.250469761500921,1.07630035514599,0,-0.383560583036928,-0.941851385669062,-1.93050450998868,0,0.563202168802165,0.0354588975998311,1.20429644618402,-3.164588160397,0.436775939676546,0.384859555596535,-2.86491742375629,-0.355714025588987,-2.98529631496812,-0.0581602006765765,-1.09452357275552,-1.83716128509801,-4.10614867977739,-0.869512534648864,-1.07844557401856,-1.4780363193443,2.35827497775286,-0.795794213819493
21-Sep-2023,-0.892914180545344,-2.16745390402727,-0.758041605759773,-2.96888215279218,-2.97857746523266,-1.74829627803476,0.669925743476155,-0.903947338794728,-3.72917622256409,-1.21645795344756,-1.13997434647274,-1.00865408461739,-1.76659146615783,-1.39177262147274,-1.69205540528061,-0.927363678532921,-1.02248201484844,-1.78852985009495,-1.64051686673712,-2.49842657047142,-0.770253677237963,-2.22865622688014,-1.40923741397081,-0.655447006164736,-2.93078867537714,-2.26859008163713,-2.31693830498499,-6.24804837781149,-4.49055036739495,-2.43433520787815,-1.65152038244028,-2.65889981153154,1.81425939336232,-1.41895441841734
22-Sep-2023,0.493233392693321,-2.9023340027514,-0.636743228591453,1.76995770994009,-4.76083849171525,0.0755572381997811,-1.03468484599187,0.657678781738751,-0.922825340925197,0.756783094724222,3.62766482201321,-0.217470183568821,-0.918272041721605,0.133708818364552,0.286903474647369,-0.311042241439239,-0.0856806307102015,-2.30622652358081,-1.60832143349103,-0.145767028764204,-0.720142173562776,-0.936014244862193,-5.49773878935884,1.17377471235039,1.42807703506153,0.0859248540919046,-0.488252419450034,-2.26223885626176,-3.61357063291763,-1.47000289551582,-0.28968507241762,-4.32365876599838,0.984877505380018,0.156726196643147
25-Sep-2023,0.735318387121116,1.7391742711869,-0.314277421203215,0.619422640016619,1.10715166384065,1.59017628745674,1.9761288754184,1.45081502334469,0.671989089004594,0.334518396829144,1.22101639069313,0.506696704783499,0.431542421563344,1.34332779356569,0.481209153862286,0,-0.0214316331724709,1.15671903879327,0.452396412121092,0.658098487783424,-0.149644622014607,-0.181477274414731,-1.27686006387997,-0.340312527889534,1.45535194253247,-0.829274663148341,0.883209639533357,0.536914041505823,0.21621630044951,0.654461710765135,0.425105286346995,0.857955534128726,0.822531645005695,1.11607335760212
26-Sep-2023,-2.36765455901255,-2.36771185268299,0.813589111773963,-0.948912229701888,-1.72914971100611,-0.771116129763346,-1.72346170000988,-0.540847058477764,-2.67248142471998,-3.93793565024915,0.785739914387772,-0.797394583914423,-0.866155498939005,-0.54346871291196,-1.74427233948361,-3.16482109507817,-2.37499641070039,-1.81136564553108,-0.525703480372359,-1.95631624151531,-0.776751587658699,-1.01017106805813,-3.68869898070612,-3.20786484664098,-0.736958048319446,-0.253468652245714,-1.77428943331691,1.06525641162073,-2.18349286032,0.291040327396316,-1.53679726514938,-1.16879423021501,-0.951047307002264,0.154745560453295
27-Sep-2023,-0.893723639093553,0.440390771525524,-0.0223040036611016,-6.00747180357367,1.40807733355892,2.42580657001892,-2.19695605313186,1.91246532436292,-7.91474364360995,-1.3112075968142,-0.422323402965832,-0.437637459979889,0.9164553566654,2.45208217554146,0.355545854642199,-1.94811355718225,-1.13681484755781,-1.73754371322624,1.28422913481422,1.52061901109139,-1.20837835138313,-0.00733971889205424,-2.95224392663218,-8.59267329385272,1.32734823881997,0.326721410823822,-0.930239266231345,2.35612993383973,-0.442478598035581,0.854352723220861,-0.0317183413966814,-1.49398181304783,-0.340871136057898,3.20385798409577
28-Sep-2023,0.152439053909634,-6.81860945170113,0.681736615927476,-3.89092351878289,4.9642043680006,-0.301045750325836,0.35762859087982,-0.263443058430689,-3.31156087844975,-2.94664175958068,-1.21656001636884,0.437637459979878,-0.485091495883365,0.101855608905147,0.918729260483845,-2.32182901020072,-1.57747859152378,1.80567837472427,0.62698958189852,1.34679608472483,-0.146501507141532,0.546556113646985,6.75769715294207,-4.92238806257614,1.4493007302567,3.00330748977609,-0.0311575014204645,-2.09157951499732,4.44517625708338,-1.21481339356475,0.627209139897687,2.41549699880122,1.25663746893932,-0.609172827197483
29-Sep-2023,0.304182744048494,2.12773984472849,-0.76356055027288,-3.12525435041043,-0.106496282695652,-2.40816519375971,-0.300321999053646,-1.16153541978985,1.76405051201772,1.1935734535437,0.488401459242536,-0.730463437888722,0.0390209663293705,-1.96387105842951,0.153180000413335,0.335008688528203,-0.474738090670955,0.0557120321445327,-0.640565163972451,-1.10196046127268,-0.722902422052826,-0.48785344098971,-0.820156911341763,0.367229581185074,0.946998646689161,0.103305794311359,3.31013978371955,0.395517984292779,-1.06610817861136,-0.0416753496342479,-0.176169799582758,1.54654713554259,-1.16536037711906,-1.59463408550235
02-Oct-2023,1.4726611228175,-7.0874339586657,-0.915774430361155,-5.23051062768765,0.30587163949523,-2.27954150776773,-0.186366622646245,-1.24121416868564,-6.89591156429678,-5.42786706320511,-6.21864376492129,-0.146735169394973,-1.10589580108314,-2.04803672923361,1.45465852220738,-4.79543931220359,-3.24726286295165,-3.30291401919721,0.88308751404741,2.49796031607874,-0.385976677317329,-0.279145116251343,0.352319800731688,-9.4001906973705,2.90006730759704,1.26328269518891,2.2948406847119,-10.7555906221262,5.72774969005241,-0.879218558896738,0.19981077212488,0.549999393703149,2.03784192836193,-1.67235148332385
03-Oct-2023,-0.780012621530875,-4.47728207814448,-2.01023229833683,-3.08404330386987,-3.83022663785365,0.426076486085496,-0.633369038297955,0.233904205962362,-2.51230849771513,0.377447959320365,1.8620120625991,-0.959063050170176,-0.691864454899266,-0.0584370153956607,-1.90297066402403,1.04712998672954,0.373832211060716,-3.30990258812335,-0.987228249274957,-1.30534486635072,0.1223872097112,-0.983190326249049,-15.5715013349242,1.20081496283966,-2.85410086229215,-0.344695860250505,-0.117924541967564,-4.41853977826837,-11.8036104112751,-1.07103616836216,-1.43110884802244,-2.03568348948985,-0.996063076823282,0.172816080338437
04-Oct-2023,0.72820064029063,-2.54314378918037,1.6830105677165,2.46593979072641,1.3566497897462,-3.69851187196695,-0.3906537558753,-2.3578993392882,0.0519076056295507,-1.18428669796803,1.13853222251254,0.36995972644644,-0.459232472194907,-3.35069355097633,1.37449419010548,0,0.418897517367039,0.37615116776712,-0.640809337140378,2.09967739008123,0.115807772062765,-0.620996580578733,3.23478338655193,-4.17855759582,1.1877709306792,0.662802757841333,-1.75573621808162,0,3.13927124078629,-0.653875819409022,0.899150676825569,5.76495563870459,0.225470397158476,-3.80990080440812
05-Oct-2023,0.717219128647273,-4.5726679615497,-0.135715922210833,0.750058667544364,1.55314081608259,0.0793825841024909,1.11008131927801,0.526091627536944,-2.68225388481963,-2.38709345347459,-0.441223533326506,0.51565491792458,-0.39124976879929,-0.496041151273053,0.143852372585616,-0.696866931609332,-0.745924204521543,-4.35509815837373,-1.1832829312683,-0.125781526701263,1.03627870355464,-0.996652713213559,-1.60431248405757,-2.33846970482567,1.46514510908809,-1.22065743144086,0.479186301764683,-2.01089529227135,-0.553404843464144,-1.06094185114303,-0.113604852312847,-0.425932609935126,1.09267289600353,-2.27684559989532
06-Oct-2023,1.46427133812834,-1.27695270661116,0.897574329409594,0.875279110959471,5.01803729883946,1.66998416519655,0.21482285382896,-1.02414043274766,10.2745158291843,1.74169859940022,0,1.02340074492057,0.904252762250669,0.574730417059527,2.12424479499976,1.38891121606671,1.6705724937282,2.18442900395654,1.46101662221371,1.84124035251955,0.31768245791275,0.847037943265463,8.5212815353715,1.58494640912221,2.36605841261822,2.53322754722278,-1.02102989114307,3.22856634979687,9.62178496765349,0.560547640954164,1.24000012578238,0.184409749136649,1.64838897216892,-1.68397761763145
09-Oct-2023,0.841566905815336,1.83053260983633,1.51020476580132,-1.89141332350645,0.81239339922017,5.47469611704913,1.91291699089952,2.73006771426946,0.623353732680074,1.14450462458727,0.755195533793271,0.290486769263021,4.32950865364156,3.43771340858495,0.515995194823171,1.02916860365475,1.49588858457846,-3.25654717575039,8.09306674870276,0.608697531584915,0.569297508220682,8.55692176214538,3.40665545636063,-1.84818438637998,-1.07657856236751,-2.83589706378988,0.211065961063847,-3.07243829310163,2.48892887636871,4.51183275123958,0.513028638612033,-0.330642361972761,0.323403241959942,3.43928620226716
10-Oct-2023,-0.335777359523253,2.49234084524569,-0.106855331746592,5.82186370792491,0.655244279856299,-1.18080724614034,0.671425098958314,-0.108023775732891,4.85169774446077,0.967330888449358,0,0.506330195654663,0.657014551637581,0.0651218343956423,0.209784750782106,1.35595297856323,0.801494384853687,5.25581408634537,-0.761868359470809,-0.260416813838763,-0.11360051710798,-0.328121171366247,1.18907465215218,4.48043221570552,1.16395296722719,-0.711977117594861,-0.0904022963481863,11.0650710039976,-0.0983767910132727,0.492005912544985,0.497487681997783,1.50970781935992,-0.432073001474404,-0.42462908814511
11-Oct-2023,0.787295727434391,2.95588022415444,4.45238898033033,0.543138999720692,-2.89247405530961,-0.291145237476866,0,-3.32102306247445,0.408998525152507,0.864996626548712,-0.565861302415159,-0.433840159859813,0.680550147883311,-1.18284836482673,1.11169659472426,1.66948785721701,1.04021965877317,-0.0395961200976183,0.467911065529069,1.78749240772114,-1.38617340034009,0.355606913310748,-6.84864141451562,3.72950376390078,2.181276419184,-2.04082019803529,-0.181050139980616,5.17122010473105,-7.77487528743776,-0.0545479353495371,0.551590438906328,-0.239266364312882,-0.0209849576778624,-3.65118458388339
12-Oct-2023,0.504841437255273,-2.57200259343787,0.506472663960825,-2.19048353880499,-2.83223336291396,0.887420296079271,-1.13565889323359,0.0806626792719745,-1.96937896817927,-3.33719288991521,-1.97395775814587,-1.09290705321903,-1.27657326498071,0.0877951138056809,-0.144787355315228,-1.669487857217,-2.06865161974673,-1.4025288895198,-0.159939425483093,-1.13052148540504,0.0959969354703902,-0.576489613212571,-1.53064212826755,-1.01371245400846,0.277333511089817,-0.485131371807175,-0.575497575028575,-1.73917427118692,-2.15062052209637,-0.0136416342889506,-0.510244632332512,-1.57900034528651,0.268656024858978,-0.0187828700777601
13-Oct-2023,-1.0346070705046,0.839379212846862,-0.33032324374384,-2.50120843997018,-2.36856719264162,3.04938861006388,0.870425262486463,1.74002975989554,-0.185185238107377,0.791086470087902,-0.193112387017052,0.657176516323452,-0.125041558861786,2.15140822770394,-1.59206208173803,1.3378125946176,0.735671927529595,-0.988874897535653,2.3479556671895,-1.16528659092704,0.332077704745406,1.58138578864351,-0.903815061506215,2.77252850428853,-3.20373719984802,1.33670598029526,-2.49128677074466,-0.94915966815714,-0.544960476756459,-0.0682360995429028,-0.577804144161517,-3.03950926546277,2.6031105302577,3.14345933862748
16-Oct-2023,-0.0727130384136122,4.09435676770519,0.973772099668051,1.68871733360557,2.39516293747925,0.359755754359554,-0.0699154052111421,0.81345680149872,2.6070536661156,0.808565641783847,0.578221977226798,0.797394583914412,0.647162672288379,0.600755089867712,1.12671675842541,0.991743665734592,0.875721325659126,2.25269376778743,-0.0699718083332567,1.25878823401771,0.43259816811905,-0.147480939298187,4.9345874103155,-0.202075939068226,1.39801315782058,4.06405542786786,3.54885819289629,2.28966231496191,2.90812093008416,0.991653850713123,1.0751958016553,1.10883442444007,-0.254309001670788,0.0727868287980539
17-Oct-2023,-0.882350400940954,0.291333053835731,-0.861199091227239,0.300107406377661,2.94774732482945,0.119631549140346,0.724741848201507,1.31537378071912,-0.634060095277416,-0.736958048319446,-2.13669507889663,-0.072228244382401,0.247342603314257,1.03512350321403,-0.532322398539654,-0.329489589685254,-0.560476750242985,4.37761830200857,-0.660968242677459,0.444732100923395,-0.918315234755582,0.163350536583785,4.23023796906894,-0.386918953451716,-4.79878830461387,-0.455466374428946,-1.57531279491246,2.75788982606414,2.61932208769314,-0.121728560375175,-0.118324944353778,0.365588000795174,-0.256820776138828,1.30118398563283
18-Oct-2023,-0.742234065616973,0.868941021415989,-0.295774863513846,-2.82198018425592,-4.66429745175972,0.896653498013979,-1.28583183193837,0.790470966896076,-1.92666510116544,-2.78232535824561,-1.45025613666268,-1.01671173554443,-0.314639475138589,0.832237039670138,-1.3376579648288,-0.995033085316809,-0.869325260218279,-3.16874739497129,-0.606969519557338,-1.2676631869991,-2.17611073879675,1.11362737903343,-8.77647537674467,-1.73172561428966,-4.04048459144979,-0.565889286309318,-4.17766485307057,-9.79042149813715,-8.97414328156509,0.472558767738882,-1.38133408069,-4.89314337119536,-0.110001782307171,1.39076860569139
19-Oct-2023,-0.216339395507343,-0.216528413721666,-1.05641026410511,0.920453572907171,-1.12903328132761,-0.166027630342778,-0.677490241313632,0.106502583879186,-1.16469986531087,-0.294840508429755,-0.599402394021053,-1.02715503218297,-0.943435128327325,-0.149371096955105,-0.506578892359602,-1.00503358535015,-0.465989364000144,-0.760410088160252,-0.778637557466267,-0.152334003561639,-0.268808553929917,0.694780789833502,-0.388350002639763,-1.60942601067825,-0.237248035363047,0.964535683831566,-0.702878293084328,-6.49195460993157,-0.226500663085212,-0.472558767738886,-0.767551936480176,-9.76162816800845,-0.829833644909842,0.0619551287684873
20-Oct-2023,-1.48133845016074,-0.0722804512856644,-0.639962141949443,1.25733284398069,2.1116106730705,-1.85279218003376,-2.23408976729544,-1.35149260369522,-0.563911268777026,-1.53734741146391,0.599402394021043,-0.369413054014205,-1.27699041684447,-1.72999592944459,-1.72961298256373,-1.0152371464018,-0.858079745866566,-0.79276361546866,-1.27304051713795,-1.57310725267287,0.445435034938037,-1.12163262414153,0.646414661988924,-0.82415416177296,-1.70084349276947,3.2861120076549,-1.74648682374916,-7.27018317767321,0.565292630278801,-1.83015214703594,-1.25165365672385,-3.75883176458514,-0.869028573801907,-1.73141317630984
23-Oct-2023,0.0693882299148371,1.22171839385918,-2.08389949922606,2.72009970480046,3.35845088342866,-2.21687970308197,-0.086931329728379,-3.75605203765009,-1.61523701713991,-1.23194518469933,-1.47159846325131,-0.668402042857171,-0.0888536823517901,-1.57460275308602,0.506331345817959,-0.682596507039987,-0.807572455399111,0.364130297400115,-0.739082719213885,0.661523911871918,-1.05786327686481,0.4470260047137,12.0071366174396,-0.850411000630053,3.74628920262627,6.6659833483522,0.617988631290838,-3.673200926873,8.6353513143715,0.796269995266299,-0.170566642279885,0.0424458232609034,-1.04139792963946,-1.47828384697268
24-Oct-2023,0.254012375350239,3.71581479669329,1.11440025786692,2.15686503027647,6.10435593208959,-1.15215332284482,-0.0289939114817434,-2.54007920928807,4.95196918326463,2.05315174073636,-0.337496101652605,0.371885887873698,1.09030947090452,-1.31649957714957,0.815308675742757,2.36897711224047,1.64286537195436,2.98179762989024,-0.0900881637900511,1.67814769620036,-0.10574318611382,-1.18595397174064,10.9238700055478,6.75425449093049,1.5930153334894,5.04983295042914,-1.3383584786249,6.89928714869514,9.8407755848459,6.93301134886256,0.802320926713132,2.07193599480071,0.655476897067426,-0.973199014121344
25-Oct-2023,-1.35835373531336,1.0270545604178,-1.44454251877231,-1.82199657168329,-5.35596534229374,0.3827596618424,-0.640002184546751,-0.499169089724111,0.363967644744973,0.469774630789611,-1.49866565155949,-1.04478562316553,-0.195797441786064,-0.233728486527743,-2.58207810173596,0.66666913581893,0.443409287690445,-2.95536707601626,3.95508006294588,-9.99242228878563,0.224570768091631,1.52829362475944,-3.01634932270142,2.40197961199403,-4.4014594993378,2.25718955296083,0.981041223351352,-1.2779726646399,-1.03627870355465,0.0382677471345123,-1.47676947410913,-1.91174750353836,0.987489189268132,0.184348840115048
26-Oct-2023,-2.49132681428363,1.48751897650439,-0.904282095417224,-0.797151273875999,-4.17383417352598,-1.75942876385562,-0.805806132976231,-0.721141493625416,2.06748937309564,1.05509505349258,-0.688707956372092,-0.980030459829217,0.270948681692678,-0.687848015895387,-2.32424823747627,0.662254076049346,1.18411307420845,-0.138838407810117,-0.766128604969666,-2.68683716765279,-1.71012584981064,-0.384934342777608,-5.2016058714458,1.94691758623749,-3.5322147243143,-0.736042578387734,1.38958448601542,0.641027836091902,-7.57118217356965,0.939331608419073,-1.35725445767592,-3.1855005844139,-0.349528492864218,-0.915867450112509
27-Oct-2023,0.793773377897988,-1.01181301655847,-3.06453735855461,-2.77617658151179,-5.26980715661056,-0.432002704808515,-2.51744880146697,-6.95700054557615,-4.22502084757335,-2.19626347821704,0.825882189130172,-1.75778312639727,-0.766202509164974,-2.1971822834965,0.639987125923336,-1.66393190039647,-1.88994478416171,-5.36115600391621,-0.960742561115132,-0.0899979606665296,-2.30831701828736,-0.580194125537084,-1.45660838665394,-2.33733511853087,0.420636522721662,-0.854820936003195,-3.42778785089051,-5.92278342003332,-2.58679710822239,0.0126334407343707,-0.433757312598285,0.745657839247953,-0.702743580745697,-1.92358734333544
30-Oct-2023,1.22302195042219,1.34682170508666,0.617427070056876,1.71751753044174,3.90685508175131,0.288209066160286,2.56156969342471,1.19819640354786,0.831797771858155,-0.1998002662673,3.70038854746085,0.538255817015443,0.468415961248302,0.220772510101254,1.25392031230814,0.668898815079671,0.421821294678466,-4.96560981052995,0.305932388729628,1.85708617251032,0.97735118269803,0.551039933294139,-0.112930559715141,1.69256508833428,1.61649368533554,2.04154161873635,1.4507343123962,-3.44861760711693,0.731073752200593,-0.748117354663482,1.31455761924258,-4.91375472206327,1.01077046954318,0.312160306457098
31-Oct-2023,0.281475586063441,-0.335008688528186,-2.88713225112612,-3.15701894126912,4.67176245674598,0.557104504945543,1.45966684449631,-0.246727559881755,-0.0920810378137762,0.796816964917688,-1.4637653233688,0.611622701743605,2.00949096974804,0.326020513315328,0.418578440393929,0.664454271866851,1.11998455624521,4.39859978629116,0.970254753882199,-0.305786027278841,0.887028871884612,1.95457537275852,-0.45300190717499,1.90481949706944,-0.927514581953961,-0.233038609779995,0.0327278680715251,3.27898228229908,1.75352610645248,3.526246815122,0.556984582463432,1.74790989454034,1.0454789985541,-0.028337977802637
01-Nov-2023,1.85652486573112,-0.336134770270488,1.99023102278605,3.02922339671992,0.890730732654867,-1.80919700927789,-0.406563649899662,-1.20811935044484,1.87091927639335,-0.248323941860718,-2.16810660613241,0.228397510783049,0.642125186899646,-0.234175625798166,2.01050922977935,1.31580845775112,0.728580255923592,0.273406178233054,0.574369877212575,1.89204542476908,0.235666540071977,-0.498336238903082,1.24085066438297,0.222736320989902,3.73042893865232,2.14554352377462,-0.163746556974135,-2.40561428542363,4.30281481298483,0.929442914432715,1.11536231121202,2.37157486345399,-0.742160159008843,-0.198591015194268
02-Nov-2023,2.04820268142844,4.28401586764924,2.18047051387682,5.95709602453325,8.36643089833388,4.48355288879408,1.31533297664745,3.26598680157124,2.8961703421514,2.11570007158515,0.478306344059955,1.50946262224849,2.06914281638405,3.06398306832485,1.44887788863871,1.62078102268533,0.390124777248828,3.27130364674367,0.538309532739848,0.819095703405668,1.0370413750821,1.24339819453036,10.0190222022626,2.50139795294877,2.74947421997564,-1.39540794075795,-0.0327815115212402,8.65764998355701,10.1435093541721,0.763964183730924,1.91333037823615,6.06074602777309,0.84853421377251,3.2319460238076
03-Nov-2023,-0.51945235655891,7.99434471642485,1.21914083388718,-0.846950011357372,1.4084739881739,-1.87787294326818,0.872119331386686,-0.776060850796379,0.438212795904152,5.97650967943176,1.21952730938182,0.597462568888777,0.517041473303532,-0.950992214239056,1.24329175334501,0.641027836091902,0.432925136402714,2.9047546881391,-0.328394039222869,1.2549367702566,0.729494580642279,-1.03141207089282,-4.67132150172557,-0.888596676021971,3.38938905722526,0.0631346367054265,2.46126413799646,5.43190153040875,0.793305174079592,-0.0725075560467379,0.839905393738718,0.661393156083868,-0.980298938718965,-1.22644351616567
06-Nov-2023,1.44995234383517,-2.71673816575926,1.09455845948211,-0.0810372815822793,0.662138679827776,-1.07464723243568,1.17456950725954,-0.414107377016914,-1.85353938464266,4.4401912370675,1.47061473896955,0.519867490923746,-0.331891973734485,-1.38966548428198,0.685310451101363,-0.32000027306709,-0.622224229732737,-3.32572217564824,0.295603122013039,0.886838278087955,0.23759250881109,-0.482035206449432,-1.82310679436954,-0.57422890433967,1.6307104416689,2.08714995625855,-0.256246136370016,-5.59151848369098,-3.39318267245022,-0.387597384469285,0.337598733156535,-0.314186447920397,0.481041177147702,-1.78801861500622
07-Nov-2023,1.43472894502063,-1.2315426590054,-0.632424801548825,-1.42888734432991,3.07821841515839,-2.75560820899099,-1.17456950725955,-1.77761106402626,1.0192864671288,-0.0219370407811988,2.49029907053503,0.14803851704342,-0.197269128022689,-2.32354174327009,1.18103397631048,-0.64308903302904,-0.491621101900679,-1.8126139939121,-0.493158439999791,0.551260870783521,-0.52875205806832,-0.224118321723039,-0.651468102119375,-0.987242060911716,0.457966125902473,0.216105049372179,0.224251255278015,-0.480385231264528,0.543479598595699,0.327134234915821,0.315947913123771,1.31840169931662,0.815843373674987,-1.58038323509524
08-Nov-2023,0.586769252277206,0.494438584546407,0.789908032836764,-1.15799474309594,-0.845599491499297,-0.696563547818214,-2.15835716671745,-1.40164771605983,-2.63584614275255,0.786717344341399,-0.45410392662565,-0.296296513065707,-0.130887455840426,-1.257878220686,0.575664177805324,-0.647251450561748,-1.03581200810844,-4.60813026731245,-0.292934711795147,0.662077681985009,-0.365145633926524,-1.22709153631632,-7.10959216837301,-1.65578118797952,1.31851040137309,1.07865984627604,-1.38555462904408,-3.42890734786322,-7.40384866935266,0.639056856257865,0.123026466204112,-0.0315109503158744,-0.20473503280114,-1.2358948465868
09-Nov-2023,-0.262797851766107,-3.70529042538815,-3.42473728592867,-1.50882996512019,5.01264000629904,-0.262467342277111,-2.96722632234528,-0.323556588103857,-1.91962018837581,-2.35667772730602,-1.63884362772334,-2.25065764097999,0.0619597933386713,-0.310032634348656,-0.494487281127153,-1.30720815673528,-0.4537212865356,-3.92120068137602,-0.796486414269903,-1.22101639069314,-1.96802536733953,-0.495988030948201,7.65277655660919,-4.95556744890098,0.81266486599861,4.3724170547555,-3.76904115927901,-1.50630463110955,-0.683262785044472,-0.929789950202675,-0.910898406498559,-5.61604665636224,0.422039613915592,0.0291417749403119
10-Nov-2023,2.16380015526678,0.446856792087704,1.2232683542561,-0.763038886569162,0.0645925310432686,1.27090847114258,1.39862419747401,0.709048567148381,-0.927220365757812,0.200378559754383,0.0660720209038247,0.605145568335528,1.02993081814997,1.01529604783702,2.51149814756107,0.328407520119002,0.351813334558117,1.04335718485777,1.42667570253442,1.78827578723972,-0.115383322944661,0.543203977324674,4.03451744674402,0.764613228135566,2.89692802027208,1.20943857273974,-0.67613509780438,-51.8726342064429,1.45846046547628,-0.255086685540388,1.57467413953095,2.19965065837744,0.409180267443161,0.764359582293647
13-Nov-2023,-0.862074304390698,-1.0243367414761,-0.232209842170012,0.0850701880312829,-0.301789407752332,-0.216478415059133,0.17714796483818,0.731838080767992,-0.560487221605601,-0.961008625182464,0.263852395818102,0.526514943290083,1.17591300889345,0.690292662813967,-0.45625530683131,-1.32015118585358,-1.42623217396074,-0.0597550062596571,1.26480674271955,-0.377815169085521,0.257732101430032,0.0359590969151732,-4.5777018349802,-1.16747039264523,0.598248303098468,-1.71690526145848,-1.71061304285995,-1.71432769864374,-5.6590780288918,-0.231354745507376,-0.12730746467981,4.13417755532436,0.250973576530459,1.04512193443981
14-Nov-2023,1.41846349919564,8.62603442844071,1.24090951571841,8.59124173455536,-0.595465409140944,0.155911681648059,1.02715503218297,0.726521099141243,7.74813325110288,4.30741163688823,2.92133724659014,0.970519002596437,0.786853785035542,0.708331534660007,1.96784217080785,3.90929257912775,3.20036359370341,10.824040543708,0.489374295698102,1.15164420615591,0.0203190085022894,-0.182176041387615,-0.108991836402557,5.44534334986931,2.11648111920433,-2.95387456967629,0.961545869944197,19.8047399099419,-0.614756034450518,-1.64703821542434,1.84028720247655,5.94380340637635,-0.389648055843254,-0.525989832208405
15-Nov-2023,0.303635870515355,0.412371718386216,1.10856489282739,1.93205391565413,6.37305609891945,-0.442382644520057,0.915504468899398,0.350986217654597,-0.652318033912337,1.57920482055323,1.90119794885718,0.148478126757922,-0.0588048543200206,-0.276451903889984,-0.0680170566543205,-0.32000027306709,-0.267469233343987,2.17544061223226,-0.850862067742086,0.745604408523586,0.769078876797214,0.206890421912655,11.0364333342988,-0.960286733334147,-1.56269034894663,5.32739989022614,3.12893481267691,2.79738520424059,9.3158937334135,-0.0743863163484521,0.149966285698069,2.26141859746567,-0.380027708100617,-0.605916737156106
16-Nov-2023,0.90014374597604,-0.58962434972815,-1.48702996555348,1.21720787717872,-1.26110247741451,-2.67833823133168,-1.28113558921045,-2.63823466144188,-1.2733432201093,-0.765147197341097,4.60062730086436,0.222304648794645,-0.582254158195383,-2.12726418540521,0.678921794926603,0.638979809877099,0.634075209681003,1.36189509243554,-0.20365776254274,1.70138517615753,0.869861624042461,0.101040728006153,-4.80092191863606,-0.704228262541292,1.19956709337328,-4.33970040149048,-1.40095686910624,-3.98645985639278,-4.9914391381713,-0.497327893136599,0.19462055147502,-3.88353484436374,0.261539894778787,-1.16438342505043
17-Nov-2023,-0.0105429625822509,0.589624349728164,-1.35109373887344,-1.98555587537354,2.17388771962348,2.29509588437548,0.817164914931948,1.87966264931605,0.176600487399179,-0.234967533074703,-3.04344853002551,-0.0740466527723695,0.0473076253857186,2.02161177198521,-0.301472614511272,0,-0.188689772394422,0.329532169103861,-0.23267690872867,-1.19014040685895,-0.206742545878863,-0.204432434413675,2.42926925690445,1.35125334046424,-0.364446647564272,0.383418868823162,0.502597807859151,-4.40168854167742,3.10102367425602,-0.687889648922183,0.0274160385541634,0.303490369515411,-0.656069112211419,2.41068466847228
20-Nov-2023,0.923551718467184,1.16892038156775,-0.015073293920069,1.18843645253151,6.87572724753775,0.695715476821953,-0.802513973582741,-0.0553939911685916,0.088183427231262,-0.751318335078325,2.68308777969567,0.517178840239401,1.12384746224897,0.119921209015168,1.43542839992202,-0.318979536810015,-0.791928738654056,2.71722994531815,0.444472360985788,0.692299126780051,0.0800800843595855,-0.195837944840266,6.20353909194527,-0.0523058158555833,2.22654870458949,2.62901992304058,0.20033395681751,-3.30398540782002,7.71023938821408,-0.642117409300043,0.747300422799572,0.553310626368161,-0.222141421770925,-0.439225379091312
21-Nov-2023,-0.423984513281682,-2.76895451621189,-0.958032205841214,-1.3428170312442,-0.576588392622006,-0.190839752576036,-0.26404592134424,-0.235767393034046,0.132129506120022,0.0215447593206536,4.47133304099438,0.514517856853821,0.115228913930441,-0.207097073968543,-0.745303916482672,0.318979536810008,0.647395943467505,-0.434113110579924,0.255998839497275,0.527049020337643,0.803910916903087,0.973145488635909,-3.15061858846297,1.10996630382856,-0.936728324291231,-2.54953261198473,1.06172198408719,-8.20904531754312,-1.33394596939275,-1.29673823158567,-0.225339652349645,2.34910130755987,0.835594659850945,-0.0382848396713057
22-Nov-2023,0.350831620480334,1.01040978491599,0.671207085625806,1.15208647561742,3.50226722819822,-0.278236854570887,1.54499502283599,0.201130559879776,1.22486220761992,0.494252644706168,-1.85835777737129,0.584796988242312,0.686819796640944,-0.0600669335299412,0.408407106273528,0.317965291737981,0.532624428267416,0.703697299427303,0.372666206808121,1.10361971078967,-0.198715041875325,0.500807902210993,5.74816722878903,-0.883505097385926,-2.47326614499855,3.25863570145577,0.0659848258847524,-2.41317600798763,3.77734850312097,2.1144042753102,0.398332973467751,-2.9408316052721,0.769838112261436,-0.431717464311082
24-Nov-2023,-0.702898403833223,0.118203323455501,0.328271212630612,0.495144793749598,5.59779563774201,0.555701699188884,0.404157594016177,0.394150494716468,-1.18085780646978,0.662324822648817,6.19340186473267,0.508906950747123,0.392305114320365,0.441079574007984,-0.426469577843452,0.316957476127904,0.419658263601524,-3.40051866733127,0.20195499230185,-1.30825326900648,1.10775232729655,0.356822665582607,4.38941935572253,0.139106264824149,-1.94824815039781,0.832899362858623,0.591912283919498,-0.287769982761506,3.55668309947426,0.200250379808461,0,0.52804278892543,0.612362803139757,0.536965524545545
27-Nov-2023,-0.0947967208129475,-0.118203323455499,-0.449286240824217,0,3.59564466062957,-0.599246224153002,-0.984373901195247,-0.373366955204884,0.614037017023792,-0.106530317947445,-0.386420574682934,-0.654785897113125,-0.496091443390463,-0.445371450202303,-0.0544123835473723,0,0.209170550200381,0.174740360937081,-0.594914642368105,-0.20505316595328,-0.803217169726427,-1.45295035114868,-1.14589178040715,0.0521150016138159,0.958141052126661,-2.2561697455123,-1.18734904150165,-1.45140428842541,-1.67789171291094,-0.639701146658434,-0.133425597971633,0.267215394512041,-0.643631484132084,-0.585049383720792
28-Nov-2023,0.320892460843665,1.52585119988953,0.471885962190517,1.65791288029113,6.8564180352344,0.156671630967887,0.840219342571753,0.793463299759931,9.78113225020837,0.191672936969196,0.331308972296019,-0.512258712563797,0.0588254776628239,0.0128750760165018,0.336880496492478,0.315956029036852,0.219707877021375,0.238964172228673,-0.46381140146016,0.577465878675583,0.231091846264583,0.622092947879902,9.30510211865374,1.0022548041234,-0.874459038875137,2.26093653055502,-1.5042904422681,11.5831815525122,8.43287068315211,0.901922686684924,0.128487082488389,4.40833597402807,-0.564514652668328,-0.0577311668107653
29-Nov-2023,-0.54243490824512,0.290782409020033,0.405924033288928,-0.674918197492856,-0.351439308962378,-0.882294432750104,-3.55344977132224,-1.1056708590105,0.118882518459533,-0.57612449977239,-2.62511583553854,0.0733406706874754,-0.109515031456575,-0.795638263008368,-0.121252851598637,-0.632913505164751,-0.461945388118269,0.26413286414412,-0.159167465497965,-1.62390136710491,0.316060051080378,-0.729897562475615,0.16142053545412,0.343289042932109,0.66694703247472,-0.616798914502901,1.30502103059706,2.31670592815344,1.08276386520634,0.943286130470692,-0.128487082488378,-1.05122591333112,-1.0320776682108,-1.51282947282359
30-Nov-2023,0.305810635882087,-0.0580888776136575,1.13383282406296,-0.15060243810378,-2.45517994726146,1.39411511197059,1.55731734629699,-0.215644756795848,-1.1151051429687,-3.01967116329517,-1.76995770994011,1.1661939747843,1.69398614872579,0.665380520379429,-0.331943527520376,0.316957476127904,1.71598286787003,1.50061881721369,0.870277961227918,-1.83916667281483,1.66252158572378,0.618295390274369,-3.52929530411094,0.256695614555974,-2.8871460617131,0.115041715304954,1.28820939159786,2.76052660918887,-3.52286918837438,0.652591123496105,0.335695030525067,-1.67696301095418,3.30743874831863,0.390092166217601
01-Dec-2023,0.676830412426813,5.20774145433115,1.03673750438692,4.81799374692317,6.99759245868704,-0.29462759614267,0.7769591236334,0.839088172638744,1.03586583612845,2.89119148823412,0.688866099518532,0.505964216358115,1.18967671927651,0.545661073641678,0.145476388829559,1.25787822068602,0.389358051913224,1.5783016970846,1.0953276664573,-0.506828120743371,2.37680496013771,0.365590366846339,13.4992313264197,1.1216976888458,-0.0213835133927296,2.4045081193448,-5.25550369693629,11.6682320080198,9.27716471627705,1.02565001671891,0.494083081738961,-0.522019936351514,-1.05624862816109,0.243037109858868
04-Dec-2023,-0.950962061771518,-0.830799572328538,0.0330281292567387,-1.51956614237813,5.33508352886748,-0.609333361629824,0,0.0414250213048902,-0.0396432116192966,-1.1638062391995,1.02448249484246,0.287977160861132,0.781815659256367,-0.670352049702704,-1.37003595216598,-0.31298930089277,0.0971030987449523,-0.469000015480622,1.00419253892018,-1.98375133892973,0.315199151459608,0.284413034737207,8.12772064555339,-0.848613375083422,-2.70960545753171,7.45955799130067,1.27171330648561,5.56889058605886,8.55578883616466,0.979155601720268,-0.634641640112516,-1.37014432379581,0.204484114193694,-0.5452257689267
05-Dec-2023,2.08444271486297,-0.222717241282414,-0.614639133417723,-2.47290696894841,-0.632801002457666,-1.22108074946152,3.6419795681455,-1.39716588267338,-0.516797015844256,0.411033569501067,-2.11738954806149,-0.215905085669315,-0.949601207796532,-1.77825548322202,0.755046103548133,-0.944888919793251,-0.280777722258738,-2.63565886843407,-0.52474777537712,1.32177441137012,-0.207919931250608,-0.992281786326315,2.78717444487612,-0.752783708874005,2.30244749657354,4.28236360484025,-0.651021658600054,-12.4052648669979,0.929004690709273,-0.530697180892135,0.140558558373547,1.32407584847576,0.360478843572739,-1.9619104159059
06-Dec-2023,-0.570333894197439,0,-0.562735186095463,3.56066243676589,-4.05396996093462,-2.34294898597939,3.43238787038492,-0.231262585988681,-0.35935355101302,2.0090438494022,-0.173661403991709,0.0720201687593911,0.390095637734044,-1.73318136586304,-0.923379476630743,1.56989095431038,1.57720130093018,-6.72063407153953,0.421605906506297,-0.743269963323488,-1.22475116615648,0.70786875158912,1.68725612011268,3.32716664657469,-2.32442310373811,-1.03250995647418,-1.03663678830258,-6.07720383420943,-2.54194288369764,0.0241837969739652,-0.451969798396766,0.271915497290316,-0.132752635904709,-1.33301898707672
07-Dec-2023,1.00882927038466,1.27390257774297,0.725042942410334,-1.12421854935183,1.15206945897225,0.298143600710458,0.691481299058411,-0.0772065312961085,-0.160128136697377,-0.0423280429600162,-1.10691488489327,-0.0720201687593922,-0.206598700511626,-0.572017468907334,1.75905612787561,-0.312012733624363,0.552018386912194,-0.766922610681481,-0.182742780873128,5.17815615678195,-0.782005138924453,-0.513096204426522,-0.193236775105392,-0.583092031079321,2.38882151746956,0.553112660912646,-0.557298551406086,2.47537391529382,0.809721023261952,-1.47374934569979,0.862647993662113,1.35683913920263,-0.229550109906919,-0.698630898078497
08-Dec-2023,0.738502766618842,0.274800942373222,-0.810470176606292,-1.24772260900942,7.37932362145746,1.09457400016161,1.46203395607139,1.31833248940078,-0.321027563024832,0.527817123186894,0.58411381030351,0.143988505798754,0.819667255264283,1.15407318545274,0.716124572449372,-0.31298930089277,-0.0741329131117956,0.828848508005669,0.317599218889853,-1.42691447234066,-0.632627505287751,0.203322492486059,7.87027238506128,-0.25094116054257,1.93396740672296,1.99001250851463,0.522558234919815,-1.97537287362325,6.18888444879749,-0.221103148667126,0.374775389979325,0.493340911795577,0.273214260514238,1.1415995072373
11-Dec-2023,-1.30115749657279,-0.937420705292225,1.1159262978129,0.110721546649994,-6.04456036029847,0.0802747222343279,-1.80039795217505,0.0277142660957612,0.0803535599683173,0.336346753918066,1.04288314834841,0.573889666901818,0.941547119636662,0.0487210728273432,0.102466732693503,0.625002034517133,1.02240679801866,0.500875862750373,0.0515147323710253,-1.2673496004809,0.413597591014332,0.720579579070149,-13.5747365575984,0.0167490160344546,-1.86961043786003,-7.02459677938476,-0.487635936677693,1.97537287362326,-12.1421992286477,0.698489452195119,0.131939033995209,-1.69572697193276,-1.11391704623668,0.0702917134932204
12-Dec-2023,0.788887537637998,0.882520896062666,0.677496960898493,-1.9743610225475,1.15258443497996,-0.985582747281881,-0.230743230983083,-1.28989064002388,-1.37487001917202,0,0.86083745366001,0.570614957685469,0.267155413722894,-1.4316221764133,0.756903824825497,-0.312012733624363,-0.0314646811552869,-4.34318810125577,0.308532343953667,-0.579362818423152,0.00644890852445423,0.0819590472176253,1.62495112328414,-0.31871200340646,2.18483608503666,-0.564076940749157,-0.209716959072365,-3.99055441735405,0.284900477607487,-1.04340233416689,0.455559456271702,-1.14526684411413,0.374518521110622,-1.58853950027821
13-Dec-2023,1.65537179561555,5.96873994807229,2.74670351174684,4.91842246090726,7.47728215898201,0.708809212267742,2.28381769235233,1.46984639179956,6.08162110497061,3.7483795139406,2.53892340048194,1.90213554575617,1.43698402394318,1.33267879496302,0.863645245745938,3.68139731227164,2.84389156824146,4.65070192543846,1.04116449810798,0.0377230379063087,0.46323186482796,-0.0420786877658362,11.8305248358019,4.90141534188844,0.898178361897539,4.08290653808849,-6.95428577511587,9.22984782344864,8.05896638759813,2.65448436143672,1.31358434891966,0.957387115341199,0.601063258521506,0.883389001086014
14-Dec-2023,0.0757441902549893,1.54007150681301,-1.89990300907971,4.61943569874058,2.08498460104929,2.73385632730519,-1.06824356738462,3.6128054880111,2.12290004219148,-0.628614054178324,-0.278940208757864,-0.419581035133542,-0.643520339262325,2.90643638029016,-0.282508969993802,-1.21213605323448,0.234227919093175,7.67411600984654,-1.8540965055047,-0.476353401603347,0.690849034381183,-1.37616339148585,6.13263269887262,0.431000747008662,0.539196660973205,0.621711068080946,-2.00802352180416,10.5592507307168,3.29168150131418,-1.64772324905383,0.277884425655786,4.79759169894901,-2.7271480084544,2.65352227198834
15-Dec-2023,-0.272948006092167,-1.43665888125787,-0.31534904796429,-1.68998676382182,-3.80107444258144,-0.357314424347922,-0.0805801816365476,-0.387597384469307,-0.112591492472174,-1.39289429367751,-1.74701540972425,-0.844480739949838,0.189035403427733,-0.451662855537291,0.66465610154854,-1.84620628397354,-1.72364993676159,6.37680822456376,0.555887871800778,0.498980395703738,-1.09605942963826,-0.780091433984557,2.6033040360111,-2.05993766013354,1.11066546912509,-2.46283174990688,1.89543202933197,-1.68425033944975,-0.764822083825673,-1.94899471361195,0,0.971170055052339,-0.585719178444053,-0.671673801353564
18-Dec-2023,-0.853967473000472,-1.72013623585467,0.0108906757772009,-1.15446445744048,3.67080672403602,0.31380778889988,0.602774579751702,0.220713730371556,-2.08696627673887,-0.62073445743336,1.35518731255821,0.141242961334236,0.100732058098128,0.792652053653728,0.654727257085975,-0.311042241439239,0.557276984013045,-1.63178660337839,0.126627376343884,2.38461373728338,0.180296249741829,1.14773066534308,8.33597388256537,-0.816331063916098,2.40488502012889,0.177017942301851,1.6018222916801,-6.12883239712822,4.80891903967673,0.509412793227785,0.417766396163812,-0.561732558221865,-0.864169058429785,0.740561271479236
19-Dec-2023,0.534583662434704,1.77180247311866,1.06875656239683,1.8822444848561,4.91532233660322,1.37432475569756,1.82617222600811,1.30096086822999,3.02137785964966,-0.353467464387641,0,0.773290320884931,1.03951131678929,1.2013479997008,0.385506098072724,0.621120009264068,-0.371172711936748,3.96980655712374,0.402557967262385,0.623969724948124,0.654058118774992,0.196714045774833,9.99636851680908,0.930087474980744,-0.963089306096119,-0.866481463111125,3.98459085471998,-0.452489459828958,1.6929062100448,2.36371301082035,0.577219318249977,2.01852523889215,-0.477827654113632,1.30963560633546
20-Dec-2023,-1.07717303618601,-5.24901826213966,-1.17771673007953,-1.95264223503554,0.433410374440945,0.171541340633035,1.27689031308959,-0.920871723281704,-1.42377826627723,-1.74392485633199,-2.21160133942154,-1.55260705289194,-1.63472924323664,-1.05984966621078,-1.25178038860315,-2.19101096357445,-1.17410045296585,-4.78060545644071,-1.72017351075386,1.22915107983617,-2.05993142461183,-1.16579449004103,0.589972212718832,-2.85004052568969,-3.05007780195195,2.41172355273713,-1.90003923545166,-5.83596151855827,-1.38849197192198,-1.19324440269744,-1.38327986734064,-3.99767721618965,-1.55969199211388,-1.68416787935167
21-Dec-2023,-0.0770198492542314,2.57940146669854,1.49684495688776,2.70943979274793,3.74107708222947,0.119904091104117,1.77086624334008,0.305688701626816,2.46005696983189,-0.9155818244833,-1.03747328255517,1.27210196013109,1.01898505904412,0.481592176667227,1.1746796105224,0.315956029036852,0.708188754434903,3.25154152476199,1.14346153153479,1.49235084166641,1.01912536986309,1.2171446658716,11.4459267677289,-0.401875959491774,1.81261399391211,1.45477044340214,2.43129601884831,5.83596151855826,1.80727810596946,0.452185310667587,1.00834765147183,2.93458583145332,0.762691834905655,0.45320274614633
22-Dec-2023,-0.556301012277695,1.31754211585643,1.71435812352573,-0.0685635954182222,4.33825414081626,0.70792227072528,0.177913377721046,0.225344740109607,0.77022203620923,0.106894718890496,-1.69446064091471,0.630033585625086,0.467050774027905,0.268285053924643,0.0599505031907722,0.31496089028962,0.517545922841241,0.205622373655845,0.659390776818485,0.759111161875828,0.399613809262623,0.0446309031776941,7.50011509208731,0.25136167403159,-0.327131757691466,0.646765309760777,0.317404604335207,2.46373043853851,5.96759718146832,1.4766668709684,0.130673939643754,-0.773118398004317,0.0826772079127559,0.176782603494518
26-Dec-2023,-0.284495213223114,1.35207467958467,-0.0915396324879859,0.751626360527383,-1.97399440545237,1.14924367803961,0.304259869609673,0.896335006507708,1.1984890140705,0.532766310778757,6.83248031619449,0.209132177999775,0.628695031955197,0.901765175984054,0.414723656604287,0.62696130135954,-0.134304478062734,0.905565151915028,0.826953038103169,0.0212006643668845,0.436457689007122,0.436331947825009,0.931625892223676,0.766926066473636,0.917344115169544,-3.2034517460102,0.0352050698936266,5.5928552659225,-2.44817236928903,0.980400009662084,0.414648321235626,1.59877705729865,-0.0538285573487188,0.225435037889567
27-Dec-2023,0.0517866402044983,-0.414079266603128,0.922117923583033,-1.68186562675873,7.38671493690618,-0.446297738805742,-0.22810807001639,-0.328601767818693,-0.216841429382359,-1.1543522795383,-1.21817674737921,0.486280916570131,-0.0160607126467818,-0.505624197850317,-0.0378989829739398,-0.31298930089277,-0.445527339037585,0.290377113263594,0.475041777998929,-0.815925630529522,0.134404321170548,-0.269143242043536,14.188843736085,0.612635412273466,0.283688133519976,3.3281504071102,0.701511119592222,-1.47526384750383,7.06437654560528,0.142670336886028,0.148853501323415,1.86473890881174,0.52933515745733,-0.471050920074144
28-Dec-2023,0.222377460865229,0.362413029339124,0.671318544060835,-0.520563382726505,0.602800533604472,-1.69372958228933,0.190126174263204,-1.4187456215267,0.252935997541787,1.17560400632109,-1.23319948481713,0.276816785761306,-0.0536271577777646,-1.41202906322166,0.108160641841395,0.936044275956367,0.641757714424524,0.451311302396497,0.275423491990235,-0.0997861807675254,0.146997757591797,0.502111696997466,-10.0117338486516,0.72368736894325,0.202142781587667,-1.43086701955615,0.62717975620656,0,-5.63373698048149,0,0.0472087817100111,-3.21041134629558,0.402791446465253,-1.45655287475848
29-Dec-2023,-0.54388779796984,-0.518135874199763,-0.152650598612757,0.17382239732057,-6.90848635756968,-0.369781562522404,-0.0126638384263539,-0.408122869368431,-1.01560539253753,-0.127578158915784,-1.30572391566482,-0.0691323912773823,0.00792577728417837,-0.294006077556713,-0.403005983071552,-0.311042241439239,0.123736868746976,-0.544140271698884,0.590952068367871,-0.385824999909989,0.102132014495035,0.444459917713404,-17.9550586247619,-0.459921967092092,0,-2.13376635275633,0,-4.56105112520523,-12.8996237459131,-0.0356485061109928,-0.264656691730936,-1.87383388083054,0.2986581635371,-0.209821728574727
02-Jan-2024,-3.64426713682691,0.466442929135497,3.20144865436793,0.692283830947956,-10.3114241484808,1.30105404547932,2.36541908978898,0.214304930666302,-0.878804630513251,3.16223605470665,-0.286123228103223,1.64612770540719,-0.933620869926136,1.05866449613185,-2.52363403485761,1.54562582366917,0.790355666660686,-0.0696783212490246,-0.412912775296318,-1.09408706708814,2.03979160287857,0.633414627679196,-2.41287018010083,1.35722793055161,-2.76402077342113,6.02649815541241,3.21285323859218,1.98026272961797,-0.388601525295036,1.2754069909391,-0.58615006629193,-0.024149728432932,2.4151819919738,2.35258453061636
03-Jan-2024,-0.751578330352905,-2.14275248039168,1.10354249919687,1.13189340848866,-3.00229589001967,1.97042414083054,0.0370988689100108,1.88866155313267,-1.29559465408984,-0.165050584198732,-0.0573230167602465,-0.340715832161431,-1.34886603716451,1.32844949038334,-0.872070828180045,0.306278953054573,0.986833381007732,-2.79186517415094,-0.799786846605248,0.541341680729512,0.623171456463373,0.65556810109495,2.15711556498912,0.679834279070939,-1.25341101979393,-5.64410494202495,0,-4.6831299684099,-2.43033308103307,0.456595068262827,-0.730958991153179,-4.09612173718143,0.497518064800325,0.836662142899297
04-Jan-2024,-1.27814717953212,-0.317460584077254,0.821387057696403,-0.581496422194946,2.1830388756397,-2.91886547952539,-0.458517440032645,-1.10235777510611,-0.0372647665948349,-0.476043535858306,-0.517391208796533,0.476677783765385,-0.0228275478729615,-1.65014879418532,-0.649542116315252,-0.306278953054577,-0.294013493086782,-0.66521085498617,-0.140427546871472,-1.83797989370895,-0.211442864846328,-0.272631277167243,11.4410351177744,-0.306971725018305,0.899870046370087,3.48088404093129,-2.17621645028961,-2.07619914484291,5.30868976850083,-0.233890879633847,-0.425261623799987,-0.218313198089531,0.623478961148155,-0.875747544999391
05-Jan-2024,-0.402104703298294,-0.371648954455533,-0.0560898772479547,1.66698876313849,-1.04658878943878,0.0429166136796087,1.12395427629433,-0.172723088180908,0.0745156517340931,1.72772705714013,-0.694045585302996,-0.0679578687383991,0.127225079636512,0.145319871705632,0.183820755874147,0.306278953054573,0.0507536934206145,0.33615494767628,-0.893983369235728,-0.485081062891001,0.310790901580287,-0.299660099341154,-8.53862318384638,0.452051141131828,2.2658023892584,-1.25866461192351,1.29783242424931,-0.936775000360016,-6.71480600568611,-0.0351308628239874,0.158783654589659,-0.185099543825138,-1.48506608102726,0.302513038703578
08-Jan-2024,2.38872676424012,1.42595497764242,2.56741801197607,3.15483577349258,3.47195051498737,-1.75739275908776,-0.91302299888217,-0.600201868499836,1.47877001543794,-0.0611932706499821,0.0580214695708753,1.0145504676267,-1.16215407255724,-1.14115137478654,2.69719168094882,0.913248356327247,0.858894786409721,-0.444445176042413,-0.0315134328614505,2.26545726837119,0.247939134018895,0.458967038878105,7.42856393834688,1.34402023151137,6.21808560444455,6.10513424257453,0.372566053305046,2.32568621642672,7.65613708587826,0.537321699262716,1.52915108812552,1.23866503985851,-0.160163922868577,-1.68021638847659
09-Jan-2024,-0.226598424447779,-1.10731424070164,-1.17126909266161,0.293781833624342,-4.77274997914072,-1.53131567483825,-0.397417313927749,-2.5746679629582,-0.921665510492395,-1.50069626921253,-0.0580214695708719,0,-0.75709041568719,-1.52940572696975,0.375556664446669,-0.913248356327247,-0.302297690910619,0.468413059193869,-1.02166967958382,1.5083026566536,0.0618888496050554,-0.504979813712405,-0.966938494880063,-1.45684158282905,1.68900494867471,-1.85179414948389,-0.61037829380178,-3.50913198112699,-1.70082840193663,-0.0466091828526526,-0.135034312121757,-2.3096880833307,0.344221609038627,-1.24633947934922
10-Jan-2024,0.565536206889583,0.105988351204325,-0.879334891461186,-0.851068966790862,-0.461620445162628,-1.41111567205883,-1.40353181163836,-0.827020564867217,-1.15479025878962,-0.727578305779086,-0.874386217941452,0.402955548600164,0.695095023822057,-1.03029299295192,1.13418287587195,0,0.191561282554373,-2.78234446675724,0.0039801787105356,0.939172952013308,0.148377152415193,-0.195241865704091,-0.389408591767309,0.434468460401111,2.25146732355511,3.46823606896982,-1.40437314110718,-3.8839833316264,-1.2144604364014,0.325808991955778,0.527256538357047,-0.435061466780373,-0.135686492132826,-0.988110479544909
11-Jan-2024,-0.322771811774772,-4.60661235021286,-0.483816172414445,-3.5467083084832,-6.93045259496742,-0.162030821298931,-0.391983811003899,0.538340730049626,-2.58078839558726,-1.72563204595901,-0.941183418234637,-0.134138182420134,-0.690023960672578,0.0974572594191736,0.340402677611461,-2.47690681124089,-2.16879650729026,-1.2646625684964,-0.522757031564787,-0.140666783639439,-0.44579356844223,-0.499709359882085,-13.4702581514986,-2.53672138784231,0.861047730742131,0.433890581142237,-2.05617977664038,-8.25210236880035,-17.2212058703435,-0.886820281032456,-0.0566117861984756,-2.91459610808025,0.378718011039251,-0.0202675314840432
12-Jan-2024,0.177653407333307,2.24851809132218,1.11875972076844,-1.85636131749388,-7.63774766739394,0.628650476282082,-3.04866365756123,1.36047218850877,-0.655740054615916,0.465905120620686,2.33655489562117,-0.26881736618003,0.694898493900668,1.2510888233605,0.346461714364221,0.625002034517133,1.33941985066053,0.093536626406241,1.92972803380661,0.400379841564909,0.766524121554926,2.19366874028562,-16.5675165679212,0.525625388882712,-0.200858279890515,-7.19544601328546,1.05079775984152,-7.82521968997483,-10.9698917256424,1.17682686442816,0,-3.73493906166953,-3.42479216009426,1.28891120773338
15-Jan-2024,NaN,NaN,NaN,NaN,NaN,NaN,NaN,NaN,NaN,NaN,NaN,NaN,NaN,NaN,NaN,NaN,NaN,NaN,NaN,NaN,NaN,NaN,NaN,NaN,NaN,0.633555608916788,NaN,NaN,NaN,NaN,NaN,NaN,NaN,NaN
16-Jan-2024,-1.23936101324582,-3.028032060782,-0.99346708015678,-0.836241806965471,2.34273542099958,-2.7777042264769,1.11703980048031,-2.46094354969556,-1.83563053032106,-1.2116207314289,25.4964417925289,-0.607494274632472,-2.51770401025471,-2.5000933203974,0.205473454723953,-0.938974034983903,-0.437682005641967,-7.33028191311594,-1.64606256861913,-0.112225585181159,-1.15823040782801,-1.15959693328278,-6.53115630960233,-1.1368439432661,3.0067977610232,1.94172920497514,-1.33288539400564,-12.3613955967177,-3.82322845038136,-0.966078630471673,-0.27407634584137,0.46490512176933,-0.453559096293456,-2.28708612815579
17-Jan-2024,-0.518687521428994,-2.77716913001445,0.197511421111917,-1.37398673757,-0.014939867062962,-0.9897865366472,-0.556960185954398,-0.397476204065146,-2.67641299772591,-1.269790008497,3.08394483830797,-0.271186606874951,0.0255529805367152,-0.846445202609165,-0.494434003789816,-1.58481922400236,-1.2316690650195,-1.2417489830122,-0.271663304784202,-0.718414133685453,-0.0560835035731604,-0.299679764042255,-2.96825444304766,-3.50735663885577,-0.587033616779773,-2.27664093188567,-0.60209142398197,-10.5726079544186,-3.79106770284525,-0.527705710084378,-0.586108339762502,-2.00254705496128,1.10911115967654,-0.72944279876449
18-Jan-2024,3.20514360408349,-0.115008638323733,0.134742120719434,0.601239653790559,-7.37747288313047,-0.596738367534866,-4.1233387958919,-0.912479132461315,-0.365037923096706,-1.50575676365623,10.4145026708039,0,1.61137316134785,-0.170454158190114,1.90972966090115,-0.96308930609613,-1.00680698919545,0.128940332071441,0.391280543927234,1.41079721932389,0.485015252492261,0.676828923229013,-7.14375059058607,-1.06971344399149,1.87350831586026,-2.72471254291863,-0.213371346954707,-12.2363895705349,-5.09544180015708,0.492611833605578,0.820065270809198,-1.71728245168178,-1.65185071249802,-0.185777739467501
19-Jan-2024,1.54136511167755,-2.85983890175372,1.08444636178271,0,0.32919857904365,0.87523836187725,-0.897354763894899,0.295712388974386,0,-0.352423272252966,3.07953511384719,0.135685231129003,0.408816817382964,0.307511660950244,2.32569944590075,-0.323102058144642,-0.313447127387637,-1.0430608935264,-0.643628918411369,2.00103275089992,0.291121020745853,-0.394624039091438,0.372671238769629,-0.678794704509905,4.08289985230428,0.763168293215962,0.674119991221973,10.204925435417,-0.387973328558907,0.0701754414763657,1.24094063623423,0.146202303968244,-2.50625923231896,0.154838740612954
22-Jan-2024,1.20899124685051,-0.65340297806486,0.760558385665921,0.176149420216976,2.73578099329813,0.175983002858211,0.96500918769187,0.175605004210303,1.49226402944671,-0.553159945724868,63.3197558325061,0.405954549387852,0.362533544826976,0.345573996170068,0.342947605878024,-0.324149392417096,-0.524605127174538,2.69765876982021,0.168302985029296,-0.266785396119246,0.487429624629331,0.218216819452151,2.9324031488086,-0.718607947342384,0.26859173441107,-5.60707851355497,0.106025809543607,5.79872576503493,2.96814512720633,-0.598066866204626,0.167714924008794,-1.61052437075245,1.85534809053288,-0.134179717711266
23-Jan-2024,0.66312217704014,0.178624638146406,-0.0806360615885934,0.526594160528705,-3.18568936046682,-0.0647998171251452,1.57018592010803,-0.281116215771352,-1.45163839411241,-0.600869728161754,2.11079123076675,0,0.184162114664955,0.321960190362465,0.490018047268421,0,0.576914591149128,1.02864496614534,-0.156271944931368,0.71665323954883,-1.65077597446415,-4.2502751974719,-3.05647264363205,0.927959035667379,0.368139639333549,-1.30850132428455,0.422982653910033,26.9919616111941,-2.09731233802788,5.19106055760767,0.376333289650981,0.162702816195885,0.491974818522238,1.11951048544317
24-Jan-2024,-0.349004665481412,-1.86135665139892,-1.43321541351378,-1.51705149696181,-2.32161284457894,1.54372265274492,-1.21911885686545,1.97212063768925,-1.67933498063403,-1.46152123709704,-28.5385860191431,-0.949803612481711,0.222968119016116,1.40886082661286,0.763207010720072,-1.30720815673528,-1.12543917322644,-1.72481217967107,4.62720874744529,1.12261948587324,-0.533301135345597,-1.84093708400711,-2.89692802027208,-0.646911950972832,2.45826121217401,0.460601401357145,-0.35236118204833,-6.81291892682998,-3.03201710072717,-0.0670241311953962,0.139024073552642,-0.628344633946081,-0.445201221364598,1.71134752245726
25-Jan-2024,-0.169809905213872,3.74709314294935,1.54608770245351,0.531821852660668,-0.272333570419068,2.14693434748184,-3.0102149720223,2.4874361622385,3.05087725512597,2.32828963732192,-8.87524366135214,-0.20470836217248,-0.860129573164436,2.01971054738643,0.499898467303029,1.95445960729701,1.25087035931716,0.241529805441071,1.7760029647192,2.10940382760693,0.376742879364454,-0.141418145953236,3.88520042447841,1.68714324500189,0.42283361095211,0.139567363897476,-3.08268137352427,-2.18190473946398,5.41194856233856,1.60730612020978,0.473545889020183,-12.9258189627031,-3.94038836797072,2.5084346999455
26-Jan-2024,-0.905358107324387,0.116686127592037,0.485508083570974,-1.06648717910369,3.40392718560369,0.160513678122844,1.39322206671797,0.382923446638716,-1.33093313687805,0.815431515579315,8.95384971806569,0.544960476756469,0.346072408042395,0.745563199112615,-0.840048361306134,0.322061470004216,0.14613781306434,-0.9425775030378,-0.297591239155261,0.203913900619817,-0.037610481230664,-0.2625008766761,9.26805869947018,0.858669194801357,-0.962094661211827,4.10757077770541,0,0,6.55375515735551,-0.584506764758944,-0.0899166602363817,0.338909256281064,1.96675012909744,0.848247663962832
29-Jan-2024,-0.359235060281847,0.755158976396076,0.537412124808279,2.01669668646842,5.90823694465694,-0.562928708095403,0.655381919853388,-0.0402387504590974,1.210668540302,-0.285745880766948,-5.29764945200517,0.744504284911057,0.22765211097033,-0.169350481072346,1.12173688151154,0.641027836091902,-0.104362355537733,0.989473963214626,-0.109464953838979,0.870168073673339,-0.0878128388611087,-0.442932466040552,3.68477209923851,1.84672761990732,2.33208949490749,2.71340254459755,0.0363967246966188,10.8590587472219,1.7467693040391,-0.365671635789479,0.7697382995821,4.10555279586122,0.265941768663091,0.126134009834192
30-Jan-2024,-1.94334261743703,-1.81026841297748,0.372570367438126,-1.16259896773514,-1.51724955795009,2.17158987831864,0.502274863046385,0.695189965576241,-1.2512776779159,0.680050882332312,4.29737788479921,0.1347709098868,-0.185184520170547,0.926475322932379,-0.818483748944836,-0.32000027306709,-0.250914925161083,-0.181007658444332,1.45845681999331,-1.34441477994334,-0.370917974686798,0.853801322455845,-2.23869573227114,-0.488011065276456,0.479081082396191,1.23623358558155,-1.68811348220958,-1.59577854386108,-1.83491386681967,0.575604865755339,-0.16722986544308,0.345080338252788,-0.184496407042926,1.65404290199513
31-Jan-2024,-1.95473950334362,-1.72366823155342,-0.114489263237304,-1.06876685304961,-2.0230788046497,-1.92994658715578,0.701662573782012,-1.80814874050917,-1.55549595551938,-0.0437349668025195,0.396040121609714,-0.269723696900126,0.467373259339092,-1.95590148641383,-2.76391324979349,0,0.313545407375378,-1.84883199346228,-1.37917712842934,-7.79651103427154,0.0818459453250102,-0.52723995366101,-2.12061518092054,-1.10254700117077,-1.99523915770415,-2.54753362385852,0.221811551202136,17.6495862522425,-3.9573509064508,0.572310608999313,-1.73917427118692,-2.26994543661387,1.60145245566408,-1.96481327933017
01-Feb-2024,1.32523622423162,2.83706971292156,3.2249750136206,0.713778904829231,0.583318784078421,-0.438970469731665,-0.606920738178017,0.311526731694928,2.32426365025958,2.07799684917454,5.8094880502867,1.27475728225027,0.856723501488147,-0.0798507559287666,1.28556896456805,1.58985860677982,2.02465339685131,1.0809446152599,0.706955901923164,0.753754546410798,-0.340415130474038,0.0838008382568824,4.7903460633039,1.89226798354963,2.40859427726199,0.704317901569409,0.772488667617279,5.4658412537864,3.60399364831969,1.14573788666462,1.30260272693274,0.834778209316079,-0.902958396361181,-0.409357296790184
02-Feb-2024,-0.541977662154858,-0.819197091458815,-0.4230033323981,-3.54724125357411,0.209164580266578,-0.675647811470305,-1.12918688411283,2.89894688092166,-3.40266481043414,-2.25312824244803,0.940368226318099,-0.133422301313661,-0.0803540730184775,-0.066833268019169,2.34659539110542,-1.58985860677983,-1.61850860528762,-4.19101063028271,-0.601347322726536,0.860554086865796,-1.11122837595873,-0.888126061097369,-2.1739986636406,-2.71433118469466,4.8465247190417,0.552336178097689,-1.32794278967395,-0.854706057845841,-0.799648863422638,-0.206353589379504,0.798169375031328,-0.504287503386201,0.607450485397368,-0.411039921059101
05-Feb-2024,0.97984881619042,-3.04228652131913,-0.378201207204579,-4.6765685701231,-9.67816224705897,-0.598369872397639,-0.893292547708778,0.059099716071566,-3.52253690671252,-2.10347620485148,15.8644438267125,0.26666682469153,-0.373084855423374,-0.321714534079006,0.300091275350389,-2.26914112020708,-1.01322222644973,-1.43458180761406,0.094199219460216,0.908906487816225,-0.518550504169459,-1.00747605018619,-8.9612158689687,-3.82100460614053,4.68016622389632,-1.34610904931794,-1.34581470517854,-6.99896894201992,-8.07863680037856,0.282271384902577,-0.185212761738806,-3.71346567537669,-1.43509603746293,-0.41273643497407
06-Feb-2024,0.859467331011177,-0.0605877025501834,-1.84946654596193,2.9671252341931,2.10054540838099,1.39963456893706,1.80579462331259,0.0131285283108283,1.41542144276526,0.89107294876329,-4.49199832928988,1.1912781516242,0.780986293237424,0.384190471978903,-0.339610386831092,0.327332534496911,-0.199674282094694,0.932689826995952,0.813942716845062,0.291889845158688,1.44015743401812,1.2372749601101,2.49271066704705,0.46345894008421,-1.61399359638994,2.3501755526677,3.44032449008035,3.28269430368078,4.44517625708338,0.0433557344749438,0.253723120900732,2.20677515321574,1.52129449514614,0.68695068965174
07-Feb-2024,0.0580919453373034,-1.09690313705739,-6.60435393794937,-0.97929219532436,1.88544409384684,0.714799326528715,3.05744394569634,-0.144508695668069,-0.21317424401915,-1.33960476150424,0.329200341196204,0.131492458130902,0.779952338548092,0.192992826301036,1.50203151522808,0,0.461797630082108,3.03614066567252,0.521630155548052,0.994345991346402,-0.050626504055627,0.735082943607551,2.7747444880504,0.266406338185625,2.71850170500446,2.20666810645621,0.217944147293209,-6.20175737062427,4.609944112392,-0.380001542988957,0.730137783994815,1.33092015013408,1.69314570328273,-0.0293441582777645
08-Feb-2024,-0.577133415668369,-0.738010729762265,-0.345341621653872,-3.93721250696885,8.23652820533265,1.39689301756355,-1.28368069869938,1.26067184497825,-2.11351408184796,-0.699224682597939,4.33079466767211,-0.0657246162338269,-0.499518701012373,1.02257310911732,0.266979110809808,-0.655740054615905,-3.02972947553157,-1.58683993541586,-0.0334516533811204,0.253903035699064,-1.00516146250622,-0.723372656106612,20.7282972885952,-0.159758621003133,-0.658367914055605,1.66768113618775,0.036277889024771,-0.713439411387387,14.2217060993666,-0.972844749764247,0.00453247518546248,1.05001760185951,0.134682746337288,1.69750426497454
09-Feb-2024,0.28104056464992,1.59219530105855,-1.27311991426088,0.392927813988956,6.87966998512317,-2.43502655788336,1.6380815421723,-1.97974345276292,0.13069049997822,1.17013036275521,-1.33067757136393,-0.0657678418970823,0.187627868768097,-1.41911946756484,1.4888187383268,0.328407520119002,-1.04156306695594,5.65528895771877,0.422896353077895,2.09563126695281,0.22991452202199,-0.117164629689075,10.169300150773,0.513866639748587,3.51309316155929,3.71053413882132,-0.0362778890247618,3.28668080803521,10.8802859848799,-0.583862853894142,0.756305177448423,2.09336070580668,-0.360201100221808,-2.13870307860387
12-Feb-2024,-0.904261480802781,2.51962939188873,1.1305730533056,1.90333964890183,3.67825772405807,-0.0539908228718691,1.26295539787488,0.686199578298328,2.79047940682096,1.15659652303005,-3.70372597971511,0.197173905483966,0.158327062059993,1.09861788893019,-0.718710735417834,1.30295002903339,1.04156306695594,3.70604734161866,-0.259461207865608,-0.991476101598353,0.692924167256998,0.36743666788596,13.2693871637543,1.69985692944705,0.166228047696031,6.12145896576095,0.362188009115435,5.3945662891715,8.99851867987353,0.693644399665695,-0.166572914148258,-2.85059909344152,-0.111984256677994,1.36627479084444
13-Feb-2024,-1.13384164272543,-5.35407669280298,-1.350655673088,-3.64388991854766,-4.81149458429872,-1.20434289463592,-0.909806119727754,-0.977938281438069,-3.09569002090224,-1.92013043676574,-9.24017919083677,-0.989780432726047,-0.703232871117578,-1.20929213934167,-1.65242470978749,-1.63135754915238,-1.12885167042515,-3.15312334209683,-0.827344189321387,-1.63327510794847,-0.878091669003477,-0.362747446061476,-5.88849336058428,-4.07857947700295,-0.166228047696035,-1.1058305057134,-2.52621890849736,-9.15971690954034,-3.06146358196069,-0.605295415454005,-1.36093553960064,-2.20887658688239,-0.152732293897549,-1.78969130645208
14-Feb-2024,-0.482137503210931,0.871194060202154,-0.141245394251453,0.517414089659663,13.3121735395023,0.318341257518161,-0.235294226202695,0.271874442190453,0.522649273354259,1.12083666098959,5.25630590470739,0.858374369139143,1.08260754638177,-0.109338223140015,1.26847022677835,0.328407520119002,-0.295162827026431,3.79980029297599,0.701076857211221,0.54967844874832,-0.467634816512577,-1.9723384445168,13.4065853196485,1.36619058238786,2.4242781438575,4.47118100987767,0.517752635893564,1.42859572474767,13.2073075911403,0.879223160291383,0.859545506231305,2.51669977867892,0.0174116600523062,-0.494609772804467
15-Feb-2024,-0.157604445546565,3.88870381972574,-0.345339984746578,2.1210535929134,3.24518585715633,0.795952103792751,0.248349908707028,2.25891033534202,5.3289562897561,1.39459924898506,14.925104654009,0.720605804124386,0.710383134918201,2.49497982725583,-0.42769277464273,1.62605208717803,1.11051767294416,0.968500117949386,0.333890126551463,-2.19606345363452,1.39006255363313,1.17199520529138,-8.47574200338509,2.22466801840251,-1.69218011611004,0.262858295571874,1.4646911425909,-5.09200904272571,-6.38577086751006,0.436729594688937,0.406725072618063,6.03533939475115,0.759287531358964,2.82562671240175
16-Feb-2024,-0.846606362023506,-0.0596125203942691,-1.87515315012944,-1.52734514006598,8.4679733837831,-0.388139675802381,0.650620382273828,0.110000334622116,-1.11825559581356,0.810075584784561,-4.07725495401467,0.260756340708077,-0.517352680243977,0.0213381890377373,-1.08284918032062,-0.323102058144642,-0.521060666539716,-1.76794603552283,-0.20762279444129,-1.58851164035025,-0.871312791275656,0.224270918728507,-0.296516154983476,-0.419948123731848,-0.068837340090043,0.234237175989316,0.399057304466284,-1.50378773645404,-0.485143462155201,-0.853396864173531,-0.411253545391412,-0.249750379568861,0.128545819337334,0
20-Feb-2024,-0.412235722710867,-2.10914718108352,-0.0669945900482799,-1.43086701955614,-3.96533950667165,-0.9359025198735,-1.02992892677418,-0.408256407370995,-0.333750831288001,-1.11831008686127,-7.83959390840144,-0.391389932113633,-0.205689858471007,-0.944650353966372,-1.10371089254278,0,0.0652812557184396,-2.40478338823468,-0.18946083643422,0.426076486085474,0.833311650784175,0.0471509073497183,-9.45309734421967,-0.739179711987902,-4.44955841918025,2.37067053587654,-0.108675975195144,-5.9835791610665,-2.52398747730125,-0.0329688447406291,-0.679324199654334,-3.14470554880452,-0.0939948851586729,-0.949251606739268
21-Feb-2024,0.41772073491638,0.788599779878972,-0.0176376175563503,0.439385568089932,-6.4900194535049,2.99469346119597,1.0947587507628,0.930720265555558,-1.09244783943893,2.05157784820335,-3.90781208245071,0.261096754072034,0.108214524588017,1.92976843787795,-0.700662017344027,1.28619136424078,1.13557701120239,-2.12353007173988,1.09832289488052,1.00822231002,0.518103136587304,0.770119558345733,-6.79442869798273,0.861846861339598,-2.89240145610188,-1.88298363902856,0.289540556963982,-9.11632940542485,-6.03908586174897,-0.849941647331077,0.182211643626143,0.519909543702645,0.174491669634117,2.02319039715849
22-Feb-2024,1.11812231448707,-3.37973795832907,0.604954011521378,-0.920927429576586,5.10130999739024,-0.577548364470902,-0.0648298239886182,-0.0064335574378009,-4.67010930459807,-1.50182385228387,7.84016670284214,1.16657188159626,0.30001428181034,0.0070420055660956,3.94637018917389,-0.641027836091905,-0.929133736926524,-3.59653364494089,0.158021457647919,1.07452889861615,1.10927719097364,0.312923519091215,6.99821927187477,-0.755914648043662,15.192499451053,0.506066937929846,-0.434625819991104,-8.42119350494138,4.08749732493079,-0.756652102248267,2.20333210841812,1.34634090357679,0.864121660729555,-0.0858737708417758
23-Feb-2024,-1.00848520230975,0,1.39287717460072,-1.3363227812167,-2.92698029901121,-0.634695734555541,0.12961764614469,-0.49663103139173,-1.83163485576909,4.83723659598869,6.22866302068682,0.38585256875295,0.309091861213211,-0.598931063058474,-0.310498365436051,0.641027836091902,0.649142169129414,-1.27948341686345,0.520071491580646,-0.0902621134012732,0.862582530362429,0.518599783236488,-2.34820264273386,0.193918086329718,0.355872261699393,-1.28050742335269,0.759360003968032,-3.90929257912775,-5.75698518214778,0.534701062292937,0.011129288961214,-2.79436744580979,0.140452127023469,-0.882076668373129
26-Feb-2024,-0.74791373711888,-2.85280836145381,-0.976465060335972,-1.72701660773183,15.5681533706098,0.812758459665832,-1.00241677759378,-0.135873981629873,-2.32621663739532,-2.75382790570448,-5.05731537171977,-0.450306325415474,-0.149697863000507,0.290025456713434,-0.378283261764676,-2.26180885877724,-2.26861076112746,1.17578840912726,-0.267022855587892,-4.54026047379259,-0.650902710316985,-0.45100622768938,19.618910801442,-2.91274053453137,0.341967276446829,7.50005871371602,-2.11147269156062,0.991743665734614,15.6744715004305,0.0111092595792661,-0.410375935558042,3.79737477082595,-0.364825212730573,0.394060772313092
27-Feb-2024,0.808162951593721,-2.93658948043645,-2.79025289166696,0.537746900803398,2.68609088406194,-0.723120590630538,-0.20956130786457,-1.49378205675104,3.08975055113101,2.60746091668844,-3.44638889687145,-0.193610902686644,0.106820312775217,-0.360891155013336,0.225532513197503,1.94180858571015,0.220385764132003,0.283178695295121,0.248756347180171,0.947737243913587,0.118096790926764,0.290829767234421,3.76515062036884,0.740677218663168,-0.494328910796838,3.55539107205915,-1.07269384422243,15.5090088069194,-3.33656938438003,0.443361400167253,0.125075396556995,0.165359694934237,-2.29133770589409,-0.211254159610696
28-Feb-2024,-0.664746301715232,-0.265252144913112,-0.370537342737154,-2.84538024177277,0.789964610055469,0.384529872428425,-1.42614327862117,0.1182266147562,-1.12487125358707,1.16498093092365,-1.035365565785,-0.583092031079321,1.39781478901959,-0.184486187482486,-0.695411597355417,0.320000273067085,-0.121152060636236,2.8957977747609,0.222623766696521,-1.81651438195332,0.353455860491964,0.475137350744582,2.3476787390577,-0.940332426105481,-1.33028311198363,5.65346063288024,0.556278089398999,-3.43873423094758,-7.0907969423051,-0.554509572107819,-0.241357079643129,1.14992431227715,-2.99320556401265,0.278377909553894
29-Feb-2024,-0.369992414792394,0.925320548048318,-1.31693027719906,0.676821534613881,1.36514139030577,0.445276361322518,-1.09656086747266,-0.216855678871404,-1.36676387286639,-1.08131642070978,-9.27448283156124,-0.717316411241348,-0.279680801497815,0.529836338939574,1.21790584471626,0,1.19407673896131,3.06153092030488,-0.387172665695067,1.51363681573725,-0.105285985014682,-0.985229644301159,-18.0711509754797,0.272158382632174,1.84989647297838,-0.606314643491882,-1.79109265665302,2.87376097673567,-10.2878684921066,-0.278412118142474,0.584509963277603,-0.0792236127790209,-0.943669542671381,0.191534247406899
01-Mar-2024,-0.604868523781356,1.76072367327442,2.34600047471346,2.78546380983042,1.07982384587078,1.49927845861413,-0.715204452061215,0.524901146123775,0.958692574332691,-6.56681574729969,-5.54449110217952,0.976888263669503,-0.0184071504410224,1.20221101619683,1.52748021174079,-0.641027836091905,-1.06191812941735,2.66733771858665,-0.476890118767825,-0.957917339366113,0.457496933974744,-0.416521018703802,4.15938972988371,0.0362318844543352,3.92887757514515,2.91732032585458,0.112888064669541,9.71112866851496,2.24099013995841,0.144871034419774,0.698257201113095,0.375754422135818,-0.827972547100707,1.25500791542886
04-Mar-2024,-2.57089365092544,3.80515151644465,-0.335882542604746,-1.86225120980018,10.7617770775793,-2.30220899231528,0.0676910605959454,-2.60547072831705,-0.501025871591526,4.17592644556429,16.4660958317077,-0.129701704304504,0.817252696709939,-1.13582542649353,-0.165843041136873,1.5949301407678,1.70235451108632,-0.857828929965178,1.00977699187807,-2.8025051228195,-1.41634868598644,1.27681138111787,-4.89568447265309,-0.435651442338429,3.53427424456598,7.3443867403516,-2.66784114914821,-0.774197415361551,-6.87950279805191,0.122419468852755,-0.194578401283665,-7.42446391496144,-1.57713789912993,-1.40820595381726
05-Mar-2024,-2.88531689063733,0.496586991924428,-0.985548585755744,0,-5.55399273483008,-0.376918690870354,-0.243902559935886,0.475760605237421,-0.503548786592659,-1.29312146722488,1.276935433218,-0.847186559364998,-0.139172157082051,0.713328994998,-2.10894714951187,-0.316957476127907,0.2917186445621,1.49483401670142,-0.404881003935494,-0.511240869919791,0.0812982753260892,0.00926011668408189,-14.4538012665549,0.779201188066913,0.841126454389323,-6.35041436840467,0.73119432950059,-6.14345351999801,-9.5681168493425,0.166694487674413,-1.03450349171362,-4.01268320699955,-1.82619051746301,1.21906271604038
06-Mar-2024,-0.589554826350532,0.432499901860128,-0.0216904056956302,1.121507082014,9.57420483552839,0.689935983518424,0.851068966790883,-0.845869705084852,1.04999823380054,2.14600510197693,-14.5834104132201,0.717316411241333,0.65113705403054,0.305159955727631,0.864629143115781,0.947874395454374,1.47785940961187,-0.403175549285562,0.0365430298237784,-0.961873587831519,-0.394601370128431,0.346636817868701,1.64924620757252,0.234382150027774,3.13778175412241,6.11068038511776,4.16805215859274,10.204925435417,-1.06689563495676,0.22182795254296,0.426221007863869,-2.3512054881723,-0.11630982014341,1.06399007612795
07-Mar-2024,-0.0709807198854011,-0.370599559431742,-1.35774221524343,4.75896247666199,1.69175013806573,0.667470105882684,-0.0538213145392716,0.698692798667994,0.45310453596001,1.87196548477822,2.65176353033808,0.518471673418689,0.172898486589159,0.781041873753864,1.98828113531174,0.62696130135954,0.434898590524681,1.21091921030303,-0.245093678925948,2.24255014414937,-0.295402622028785,-0.808370645156044,-3.69245008929311,1.28826258310136,4.37849062830662,1.66619261871579,-1.48205750878621,-3.03053494953288,-1.24534610712865,0.320778993056724,0.96178026701048,1.18811048773322,1.29918369641714,0.560382525583328
08-Mar-2024,1.01846463600687,0.555385568279712,0.325643799598249,-0.513327879424199,5.60999581240989,0.230353605891156,1.03100598611975,0.340852460328541,1.96962499757239,0.0208355037736815,-3.17565146922366,-0.258899820990527,-0.483358173417175,0.375120692910099,-1.56830648940292,0.312012733624368,0.485694123406496,0.621699235880693,-0.264055605072838,0.763560550272878,0.408304848159611,0.674480184470074,7.42390251648523,2.73557300098553,-5.70632038542534,1.53707460964176,1.59233136668027,3.03053494953288,3.12525435041043,0.363777064341891,-0.548455530231751,-1.87016383089793,-0.462658490006608,0.9362756691924
11-Mar-2024,1.17621013646371,0.85784839799919,0.586405133251885,-0.0792079249332793,-0.959305698531456,1.97158631644174,1.15225432187453,1.40455469207898,-1.20402792320806,-0.752826642079152,-2.25126492673904,-0.0648298239886071,-1.0152308962716,0.985744362742731,-0.474884210881788,0.621120009264068,0.943502124396728,0.500758364577383,0.351919421818245,1.6552304080119,1.06626107621201,0.426439878645752,-12.8918054346534,0.10373444913625,-2.03122967420165,4.96268506168664,4.13802515974401,-9.38187552176546,-4.72528848505456,0.570552348726311,0.0532080001911383,1.37636337741545,2.6054574086525,0.588778149816666
12-Mar-2024,0.277472864307009,-2.78397193936694,0.427614349724258,-2.77181834324827,0.772083551636803,-0.199765559114984,-0.96593539653446,-0.0723946196348953,-2.36052721513214,-1.39507652563327,2.77515286562461,0.452928629359382,-0.771783467797142,-0.142379959434202,2.3075561514383,-1.2461220437812,-0.869798514848109,-1.72922141741426,0.503724236380114,0.601080855254139,0.93219182928628,0.036795989652333,-2.20435082886158,-1.25197253449277,6.9140542367688,-2.07430469836058,-1.27706595487428,-3.33364202675918,-1.36754267996755,-1.59915180635622,1.15251553923421,-0.129464429442084,0.0408788968390843,-0.644154247216994
13-Mar-2024,-1.21966897014891,-1.19913080904269,-0.199084278377043,-1.31203194120952,-1.7367085447838,2.17577487004703,-0.172998912000358,1.30814868258329,-1.57410657609704,2.29363026751027,0,-0.323310983214716,0.0415514306231673,1.48902322124217,-0.861405092347198,0.625002034517133,0.514409826802631,-0.84431224264121,0.258177267460002,0.927097085564401,-1.01285450855826,-0.0713045308586478,-2.45687965808034,4.09689653468107,-1.11598532393391,2.40679470740986,0.746935715265069,-5.21857531705703,0.942191124161895,0.675865405833067,-0.173239958681082,-4.64610098818149,-0.276257401868141,1.11086751716903
14-Mar-2024,1.08680929084185,-4.67921615067589,-1.62551750045663,-1.62266926312854,-7.44472209501209,1.87929518502378,1.76902303004458,1.16930173641924,-2.55212339170112,-0.961545869944198,2.19031765992478,-0.519481687710402,-0.211053045461027,0.947084907461515,-0.00981154820009599,-0.625002034517129,-0.472317855224642,-5.62878294889641,0.0145253831325129,2.34023900793681,-1.18012046750153,0.268851340174874,-7.7550047053371,0,-3.2995220378015,-3.26048795191452,-0.319432392290251,-0.59701669865038,-7.0638360476937,1.31638583662425,-0.213123659388683,-4.20569239885662,0.204708362172482,1.75570120658769
15-Mar-2024,-0.219894770626737,-0.133155811951246,-0.988146675900846,0,3.65143604768215,0.216829373585012,1.27423385769275,-0.0963855496306516,0.762998455991606,0.481928643594892,-5.24726909809428,-0.326051804993376,0.45316024863821,0.257716614462901,-1.35744979071368,0,-0.358347769642825,-1.32746802930832,-0.0690143686243895,-1.3508014595079,-0.649046041664218,0.0114732844697217,5.80722400938004,0.902865186824896,-0.113778599144348,-4.52582503604137,-0.677726867294962,-0.299850299625656,5.94937959238718,1.26700487481328,-0.6841783475114,0.65630315006421,0.371497232788497,-0.179581623192304
18-Mar-2024,0.635216087510961,-0.869861624042473,0.75217576779226,-1.99116936463823,-1.13698888650353,0.183104503925628,0.219397390709859,-0.0900437416125573,-0.190204527148131,1.39078526147488,-9.12650118417257,0,-0.117369645846663,0.396625217154612,1.0466619106426,0.625002034517133,0.242552188516198,1.38769488561405,0.864678602433904,4.50120987872159,-0.901765175984054,-0.602979894193989,0.464756839654688,0.149688177638118,0.703349467896009,-1.66051739774541,-0.790517950711337,-2.43173076507064,-1.47636203055997,0.568701570303212,0.690776612170188,6.06641795608576,-0.771067458579231,0.921418157478828
19-Mar-2024,1.34936295515852,4.33993155345554,0.305917714575552,-0.0427990590740305,-4.04534232166603,1.45289001122838,0.629700724968874,0.775570339527106,0.569531677105615,0,2.33343920617728,0.651043966243206,0.892929476627922,1.07939191624505,0.414111222999292,0.930239266231341,0.210437788096353,-1.34700312513393,0.753637157526449,-0.441112316497623,-0.351471748851315,0.916836808687951,-0.464756839654696,1.81164375053028,1.05702097392879,-5.7546054825182,-0.325203538637734,0,-3.01976764444436,1.48685831771556,0.587695213720612,-1.43720600841216,1.27912634808227,0.701010013883814
20-Mar-2024,1.46020917268694,0,0.484600236135783,2.66119188915768,11.0008137786166,-0.0901898146651506,1.17168941060345,-1.33048207446663,0.330735005000147,-0.724116125655959,16.3753751634509,-0.194868525452648,1.15386957301392,0.0302188239294108,1.24649161925522,0,0.283390375961903,2.37197050093359,1.01379258679385,1.15631676855884,-0.288489477897328,0.733822800735443,14.9258519747745,1.50646730075705,1.07916717343959,5.83624924810924,0.253027425796765,7.98059932683596,11.1652671248716,-0.0105424068412528,0.866447131642857,2.50171557418011,0.184294518265188,-0.0884642662080752
21-Mar-2024,-4.1715567272318,1.40577394902317,1.41820558809501,0.0416753496342406,1.97354539798383,1.30390568728681,-0.903026804175666,0.200381438045225,0.235571369245921,0.703499694287208,-0.210010577711651,0.129954534208565,0.126750126188017,0.49141435929515,0.20498127031723,-0.309119256967286,-0.472764446234201,1.09319495017494,-0.429162374630252,-0.76939031087821,-0.00642033963817047,0.622476743140281,-2.94072310273025,-1.35968426861331,1.16612982624707,-2.53736115557329,-0.144508695668069,1.96912128901817,-3.44578799236878,-0.623977488543835,0.233827074581253,-1.62997180757181,-0.515255927358753,0.441540809189269
22-Mar-2024,0.529609851315207,3.00022503037987,-0.282036634741187,0.995033085316809,-2.50829559399977,-0.389389637784542,0.26794274403609,-0.129232377768823,0.422635050318153,-0.371824431687801,-14.7476745385761,-0.194995186907895,0.387147423998308,-0.215924863551722,0.592372125388495,0.309119256967288,-0.369257158505969,0.411778744533384,-0.064000002184513,2.12495846244551,-0.334426962921064,0.611897886895062,-4.2679396415705,0.682153043143483,3.08014873012507,-5.23232824082074,-1.09052334822625,-5.1439911204762,-4.96252372868535,1.3488086466231,-0.0519143425027459,-1.15816804542869,-0.330019856243206,0
25-Mar-2024,-0.833508162460908,1.28481424778491,1.66972765547951,-0.0825423076167547,9.04918043397691,2.56774116926928,0.635084060139582,1.16351391330766,0.467509032899397,-0.144972584156453,30.1727530323469,-0.13020835172983,0.0820336505259063,0.894679659749359,-0.509256061615331,0.308166653740811,0.24280824808519,0.947812860230538,-0.778380764361548,-0.465364488292901,-0.00644226123591151,0.096392031583907,0.382592527903725,1.33453222667833,0.750175212295479,10.9661496608241,0.255521219516222,-2.37399873030729,8.73037319105835,0.0941570399635506,-0.26431542567112,1.04816658694912,-0.85865582123494,1.01692819908661
26-Mar-2024,-0.669488053812676,1.14839581816817,0.337724062978502,-1.03756896786532,-4.72165575624341,-0.190310104223197,0.429564779309164,-0.769876132088736,0.418897517367039,-3.30800203666397,14.9248076793787,0.325203538637732,-0.193652849140194,-0.774227688496373,-0.645356536231375,-0.927363678532921,-1.24132939761655,-1.04570173155745,-0.22607800345723,0.399016290529879,0.353709491252173,-0.0717247593227658,-2.75846185735679,-1.90266945813831,-2.60198087151197,0.0421474111923849,0.581608327968284,-3.35909444360354,-3.18524273743692,0.448641787522719,-0.293296754784191,2.87773212193572,1.31469195431701,-0.752936493499616
27-Mar-2024,2.09908004381098,3.60027080843061,1.59490767877882,1.85994202362657,-3.86287067213395,0.67239109476083,0.13858269934457,0.693154691077177,3.91671192343917,3.86602766574942,13.2711950230751,1.35442251077573,1.38080758116096,1.0594643039845,0.0579269789415671,2.45411089161177,2.55072850681373,8.92016726311199,1.26730834905499,0.132652403878622,1.39612760799341,2.39053443021419,7.96651924740664,3.76981230780279,-2.52734856724308,-1.72669982645679,0.686294909700313,6.31789016215317,1.5644617147516,1.43664297168916,0.862223712533688,1.2084063129291,0.160339385484031,1.03165803967316
28-Mar-2024,-1.06152567315076,3.86631441396727,-0.693984769772819,0.612371785052898,3.22744658011581,0.34629343593849,0.414599500854209,0.885102406599473,2.90513388319941,1.37142667313989,-6.64935165704323,0.0640409884199245,0.0778266200620514,1.0803816205932,-0.251896954451339,0.904983551991786,0.643155743969526,0.802978292164323,0.209075360980827,0.0397614319353872,0.145500579203934,-0.419021070504281,2.28453384528709,0.187940540832644,0.121809438681218,2.18915269750918,-0.108049713375425,0.291121020745831,0,0.0820597030353834,0.0948664394900207,-2.2721859365306,0.323952500358248,1.09857944963785
01-Apr-2024,-0.84917496603818,0.777781698709557,-0.451213399486595,-0.0814332292558196,-5.03170534721959,1.09393183412942,-0.251067166781148,0.845911236964509,0.0867302743004669,-0.0610066109414428,-24.1631678193291,-0.835748998276266,-0.825392150817669,0.727387304194794,0.568859917409652,-0.60241146033809,-0.66397173072247,1.80237949267394,3.15683659382899,2.97652676983881,-0.259518454354457,-0.458322200168684,-4.29833187565485,-0.832748939941567,0,-1.6546778816211,-0.108166587074102,0,-6.49743459429007,0.235547243936148,-0.159599740559409,-0.324777357358183,-1.01585595253912,0.643144179748268
02-Apr-2024,-0.702337115509646,-1.39316825614738,-2.44267844436111,1.21458983021081,-2.51845823838276,1.53463586302289,-7.4881756383919,0.439064871440595,1.97431305536088,-0.899066129619241,5.86643351321407,-1.69274875217068,-0.452261355375509,1.27226089602349,-0.790902029567321,0,0.488033781069977,-2.77271183740568,-0.347025722342753,-0.599905040551709,-0.0316947167560917,0.0993344672919188,-9.19409199304433,-0.792020614182359,-1.01218816450743,-6.10194892119335,-0.615163872277896,-9.12486714651449,-7.79379785153877,0.804853817544394,-0.801842021560725,-5.02665416876857,-6.66181444478432,1.93852093969728
03-Apr-2024,0.478597031594108,0.447929080404604,-0.650166647483488,-2.60919815926706,2.3080112588497,0.731989543626169,1.05108096078627,0.412217184795613,0.677681543142308,-0.184899898594709,-5.55864625884609,-0.0656814473530616,-0.480298510889708,0.700572077818092,0.25349879126958,-0.302572091653696,-0.592178760281055,-0.26355211421719,0.395033404493783,0.232648418234354,-2.22452199935296,-1.18517932991115,-1.58368571713451,-0.526191120803103,-0.549297945245598,0.333729593074167,-1.20505383756035,2.82593373144031,-3.06244027799336,-1.0198966529609,0.0869962428995442,1.04475443589857,0.348629803584242,0.016765864738735
04-Apr-2024,-0.49044326746653,1.33187318402814,-2.33370344618662,0.206313256593695,-0.786133061543433,0.091123098415533,-0.942767925555897,0.155700215180978,-0.975617494536469,0.0411184216319608,-5.6038248950195,-1.38937067881692,0.378256447604841,-0.0985338493576004,-1.67268649867637,-0.303490369515405,0.156176823873194,2.79742656782426,0.523158602044326,-2.87464547741388,-1.14748944583867,1.36153066738843,-5.01556686520304,1.86891724132827,-3.50030015120624,2.12592684226113,-2.11628466114665,-2.50796843970235,-0.976570261132479,1.78812038461471,-1.32837790558664,1.60832946343611,-0.952887706625234,0.35143538806278
05-Apr-2024,0.449173332028307,-0.331308972296024,0.691401163313305,-0.952585376752652,-3.55177901744664,1.33450919321079,0.915954679651847,0.564710303333311,0.0426166637602731,-0.164575227436055,-12.8375230098055,0.928388631000766,0.933866190800548,1.06992717001143,1.49685409761232,0.606062461169095,-0.218715912840845,1.81476401548918,0.666215924351139,1.30021961750536,-0.0721571745696982,0.294693534288003,-0.216802252941668,0.703622635550826,2.42666153955106,0.267759949080824,0.037516413870903,-0.317965291737957,0.0980873055591892,2.36826988877789,1.07805943525257,-3.69673949783259,0.0790236233941111,1.3688048133772
08-Apr-2024,-0.668582202329518,1.20947048833449,-0.278215889372329,1.85534078957478,6.46552640115242,-0.827258985687972,-0.18789429766247,-0.204416709457054,1.81554490745327,0.431433643012072,-8.80197465416457,-0.330578813449954,-0.171287590399691,-0.570775685215271,-0.188698204292889,0.602411460338088,0.416190383291332,2.61164580505717,-0.696914312926842,1.52923103717454,-0.526351632984241,-0.660970063018345,-2.6389656747444,1.0539465197461,-1.0049188142525,6.70079025091535,-0.300526146546343,-0.638979809877101,-1.48150857851405,0.186668030821024,-0.00217943269375349,4.78367513128124,0.0570338050426294,-0.677912649109012
09-Apr-2024,0.721640420228615,-0.0546597444600995,0.429980646158062,0.0816659906555965,-5.61815127804379,-0.128461875829122,-1.46146038258406,0.451635623995977,1.28873120125022,1.56618679882227,0.803862849643509,0.462504953956219,-1.11591856227094,0.0943220671852882,0.224376656539826,0.299850299625663,1.04323623425487,3.01187857491208,-1.47432950413806,1.1237877137491,0.460708989167263,-1.06895845369687,0.166991410918649,0.798530041689268,-2.06408070027459,-3.98138406286029,0.749628697792729,4.08219945202552,-0.498754151103916,-0.27521149668748,0.137211577789545,2.22955556708252,0.812479898617188,0.521243888966301
10-Apr-2024,-1.12017766366996,-3.3920405193277,-1.45677954893622,-4.7647959590655,3.25574368487626,0.430075737415879,-3.05885034123479,0.412727354597797,-4.21825506636215,-1.52519479168955,-8.95621199096222,-1.19364812459345,-0.38448957309446,0.391230024464647,-0.606170887028004,-1.50832422113285,-1.98211231515673,0.3189278089129,0.414594292041123,-0.294174286455786,-1.38188585335652,0.920743094019514,-3.39399092062284,-2.11770801421524,1.9607333867183,0.585805952419752,-1.732623380591,-5.69774347425404,-1.30852395486556,-0.236499913149786,-0.891965163400619,-2.93733829786652,-2.12589207974637,0.838200322065183
11-Apr-2024,4.23609218154678,0.788736483316585,1.32353502555835,-0.773532004842066,4.67789565679294,0.0752615373825934,-2.00162832883564,-0.480651652494764,1.28426422656325,0.449806524086519,-5.55114757425179,-0.468071733889152,-0.0177649465661196,-0.243720003605153,2.17605804672366,-0.304414238122813,-0.125852140365756,-0.459795795581834,-0.879598426598684,2.07264589534105,-0.943182349042838,0.134951294221863,1.25787822068602,-0.109417752221678,4.03071561313595,0.489544956818291,0.0759589858018552,-3.64882932631368,-1.22325684356343,-0.573861276043155,0.86584413582501,1.63994898349763,-1.86824905241642,-0.336079663847582
12-Apr-2024,0.858960314077904,-5.59707652442924,-1.01251609498737,-3.55690624095673,-6.7877295241328,-1.30245669764048,-1.58985860677982,-1.8264494009853,-2.97885181180486,-0.224650354870088,0.553847569601435,-1.55356045898288,-1.16408080288812,-1.50510148196694,-1.64822241769917,-0.611622701743609,-0.410116774421468,-1.06836293623723,0.128612910301982,-1.05947891461726,-0.857215603132215,-0.425381711979963,-8.84587048552231,-1.35413815368577,-2.71813613389028,-6.11788121900296,-1.83913229714235,-2.39327662116281,-6.89928714869514,-0.677023693127725,-1.46714766668195,-2.05417319818881,-0.572130698360928,-1.17279177073757
15-Apr-2024,-2.21060427778168,-4.18116037054215,-0.66442932923802,-1.57696442075044,-9.53061106366121,-0.726719587651233,0.465117117573066,-0.865587460958161,-1.45665784627054,-2.04489207440718,-20.2718407859873,-0.340948165262043,-0.517462890549619,-1.0085138621519,-2.09714154704733,-0.924505814405105,-0.814690005675337,-3.63838814956135,-1.08973870131335,-1.8363227540805,0.0474399385400711,0.593263350703215,-6.14396652335048,-0.52451840829443,-2.51462816465817,-5.43839076671656,0.193162123030711,-1.39375078437816,-6.00066809131158,-0.0799520330417284,-1.22027275193242,-5.75746154388738,1.45341211066471,-0.574881816547625
16-Apr-2024,-1.93533681031257,-1.55912107432538,0.0489503916392077,-2.06476708934688,-2.07134757243952,-0.554316609131164,0.101456635994665,-0.834745344711007,-3.25378907247682,-2.23685207275443,-15.2773700201788,-0.0683293501132588,0.606367989213991,-0.850830126780341,0.152468038798047,-1.56009404424797,-1.34761397712118,-1.6502781123835,0.192965589216283,-0.297484536790173,-2.15047322814404,0.271107407700537,-3.69790032410874,-1.68746471005511,1.63767931816608,1.23761757334862,-0.852718345222639,-5.40672212702757,-6.13541760911515,0.816493632896156,-0.201473059576786,-2.74350990252339,5.08791880573089,-0.83064621577533
17-Apr-2024,-0.818073209019403,1.43528204921074,-0.592778915749562,1.15235200038598,-2.3347723820469,-0.930744328579489,-0.624865798354477,0.0767557924340802,2.18091333657932,3.068112054691,14.4850625364461,-0.205268631774218,-0.20031034059869,-0.311780543683715,-1.44818997511861,2.17737995495608,1.739916871178,2.80858131326575,-0.294861207737246,0.690614937097348,0.221284925370802,0.382266821664922,0.205268631774226,3.33125073425218,-3.94312134583687,-4.23754014681046,-1.05655453604842,1.10498361865849,-1.12290637164133,-0.0892901492926775,-0.638433964229315,-1.06220604547433,2.13115210069921,-0.0505646395401966
18-Apr-2024,-0.57306747089851,0.802225838914363,-0.501120975795672,1.54618814741582,1.99145191024227,-0.406028511274677,1.14502301796181,0.745297586274347,1.11733005981253,0.516050273109402,22.8884615579613,0,-0.0863865355184606,-0.222561087089129,-0.577081727837475,0.613498856751593,1.50189243301591,-2.11191499557513,0.284345407738066,0.346732079750865,0.667793607618389,0.00877058346867847,2.697398873285,0.344288290004822,0.746847167738622,3.51400141158456,-0.118087004472096,-0.735297430525881,3.93654763450798,-0.0397101166739182,-0.284559463905644,-3.6155617997951,2.91944986012804,-0.0927682967647437
19-Apr-2024,-1.22878307936933,0.795841359920626,2.32481129325591,0.808993176197148,-3.29564422302572,1.22090244722162,0.517465579001749,1.53040112598728,1.28065340472185,2.58118181215444,9.17705473580931,0.273597981887485,0.5099251759676,1.06711747114311,-3.01596759979363,1.51747980192351,2.37947055689759,0.429394070002618,1.16748437884691,-1.2383260465396,1.47797684411425,1.69141820959848,9.33121771416519,0.45203100896616,-10.5399884961585,1.11120441896482,2.37411423048949,-5.30427359844812,9.65157254596738,0.840465717642451,-1.00466807090684,-1.93958535068078,1.59913294958575,1.14095197430981
22-Apr-2024,0.507799422694348,1.81273845925567,1.10200064997925,2.43213403234207,6.8009812577559,-0.0386533188686311,-0.172191174701975,1.19285708652738,1.177767158332,1.572641150262,-2.44864766086061,0.408998525152507,0.372172430308201,0.621171294551274,1.23459045636314,0.899556290857778,-0.122224500854372,0.705912074016993,0.927704823881521,1.41124228931077,0.814737025400249,-0.549071850696353,6.169356900534,1.55855326709921,4.26470996557178,3.32662617910976,0.995033085316809,-3.16231884305121,20.7913149858668,0,0.923216417007769,-3.45935566998071,-1.99530985769043,0.565631186977754
23-Apr-2024,0.637136254026518,2.5422592913319,0.597673426399304,2.71509890659509,4.57368427381437,0.393564577918278,-1.63617636862757,0.572714562314183,2.27233785786708,0.0789733506000468,-8.6141077193228,1.35137191667229,0.705622471260705,0.529198661023241,1.8214141374226,0.595239852729535,0.0814995970131572,2.14386122081241,0.482852846420463,1.25899799941773,0.294629917163196,-0.271323464437689,10.2278849120418,1.35352990283967,3.58195635623528,-0.198666164390927,0.228223758246622,3.937516523483,5.2849023115595,-0.17739237922744,1.15894405478447,1.83452987837001,-1.03335241858137,0.389089443227235
24-Apr-2024,1.26222204485468,1.39132679169851,-0.193943890267882,-0.0850701880312923,-5.23557061619819,-0.43223284335505,-1.07141261201581,0.441150154819165,-0.979773545955736,1.09912784632925,9.09183800826581,-0.26881736618003,-0.756425915124137,0.108272807666569,0.0912461681986459,0.591717702808852,0.770951272381227,-1.46543256712017,-4.04704689025862,0.548222804104513,-0.691069206747159,-0.204521295807355,-1.81681612946368,0.542333356999052,-3.38095126343284,-2.75639183462097,-0.190150275966801,-7.20311282088826,0.252844635335869,-0.355731600429677,0.0738065184528233,11.3874075478081,0.230102414877161,0.0165234633555
25-Apr-2024,0.513411767748685,-1.39132679169851,-1.33854023800575,-0.897633725386374,-0.339301187163145,0.639965174259938,-0.651371659083205,1.03999721008943,-1.20587163201276,-0.508807359916059,7.60884679248546,-0.742995650378423,0.39526561729345,0.528348105740684,-0.830797156825862,0,0.0707106448978841,-1.39576734030236,1.33921896954972,-1.98654709725555,-1.15796113588061,1.22090009045943,-0.419948123731837,0.509517062122966,3.63541974367502,0.956194163254989,-3.92054867751033,-1.25262598191804,1.91752436305019,0.680710959759835,-0.181258790885479,4.84582178594336,1.33721263631471,0.231042267971415
26-Apr-2024,-0.347887965473355,0.465929788741968,0.222486001001229,0.0858369151416083,5.52833557830151,0.0998655738845629,-0.223031837304266,0.368391273285515,0.25962801256319,-1.02544775523323,7.62583511523113,0.0677736386497595,0.432071438776414,-0.877507390801794,2.67345587214894,-0.888894741724604,-1.34189265769596,2.0976034094602,-0.172138244891376,9.7347729628738,-0.46422803195636,-0.753726289011089,2.18531068890108,-1.36957517388527,6.0005085024975,-1.38347020106728,0.552705710214579,1.25262598191805,-1.49753214551761,-0.295392101359982,1.31945354324304,-1.11680186964294,0.301250720643166,-2.81685221167062
29-Apr-2024,2.45053102478243,3.70729652249048,2.34288481946576,1.40577394902317,-7.99580802457366,-0.0153574445514202,0.401099846961822,0.264884869826007,1.37341214597988,1.35842230634226,11.6873190534879,0.338180910738108,1.23815891506693,0.680801215077139,-0.252592317106488,1.18344576470028,1.03849436671066,1.16810761946012,1.18141884430173,-3.43127420776718,0.464228031956353,1.34793824195471,-7.47812261741228,2.14384944105844,0.0227920228907101,-0.910369401446857,0.940445802797842,-0.415801014866379,-7.39145547906869,1.01055557074196,0.399290191984481,14.2427176089933,-1.28407461327313,1.41416498146718
30-Apr-2024,-1.84398675144279,0.22371373983562,-0.886762606866347,-1.70652605541871,-6.74519408330772,-3.59638507824813,0.384729684378893,-3.08937878100193,-0.341588718140718,-0.313357091507127,6.70920155296723,-0.135135155699896,-0.997193145287958,-3.00703708149939,-2.16682180588991,-0.589972212718827,-0.477182488285606,-2.53702739930638,-0.243529204687735,-2.04913989017079,-1.53051956426003,-0.5619438260435,-11.570532869661,-0.669695188395594,-1.56181401569649,-5.11250769006346,-0.0780335583881087,-3.82212128201977,-9.16166482867577,-0.902143792519233,-1.67395792262413,-5.71008196696753,-1.09589574573705,-1.15170874987218
01-May-2024,-0.606544273339625,1.49711695613707,1.24432506457102,10.1005089294088,2.97592126312804,-1.02417281850432,-18.4361740231027,-1.02213417160368,-0.214087001058375,0.332909344966608,-10.1074810673608,0.3374961016526,0.274515669852964,-1.59982567940789,-0.773607069483837,1.17648415795864,1.53507356923892,0.723412220035612,-0.195251273633278,0.661280881477323,4.45690288239958,-0.690655196104836,0.0622471230805606,2.41935387808407,-3.96652563924314,-2.77295518452872,5.91081122544093,-0.433840159859824,-2.91039106660054,-0.295945762020021,-0.606307435370248,-1.81137443538522,0.0847273792433048,-1.91213679035714
02-May-2024,2.17927007294674,4.09760828131516,0.367065332252722,5.0067339010558,8.5530756764115,-1.69516204862101,-2.08153935670157,0.686730130466209,1.5734962107747,0.0195484313006497,7.57210542804165,-0.0674081589393702,1.45443017203305,0.586619464086521,1.60501259755259,0.583092031079314,-0.472149151762413,1.63649662961891,0.289254239907897,1.67033658330945,-0.836936137391869,0.31786215988131,6.03683570569279,0.349192847186433,3.29296601458001,1.9943274449123,1.89510044702951,6.31789016215317,4.77227728692157,0.6597434200262,0.921479531971052,0.0111111111225212,1.81361666427882,0.180824090257332
03-May-2024,5.80955127531976,-1.38300076676001,11.1701945303006,4.83848885324038,-2.47745473430426,-0.0163612565809953,1.3507634461542,-0.299084278027012,3.03368371285637,0.46801957504775,-1.55266549477865,0.269360432222296,0.365650322219247,0.0600388965657515,2.55140837537287,0.868312257346086,0.952054092009012,5.9362693246288,0.271068801949198,0.371413594160112,-0.434507184496359,-0.27888593488483,2.60205487018961,1.85630195373682,3.40219514808569,4.98136254251415,0.396325505258072,11.1869895843343,1.15831410896306,-0.482070882911108,1.33236283787005,0.653379954540305,-0.105538764844748,-0.206682815566277
06-May-2024,-0.914849296078913,1.11852031637232,-3.8677316215434,4.31175600188928,1.63493801249226,1.07414166454475,0.125145274221471,1.27113787197662,1.26094816946927,0.0194533606293864,2.57454236165066,0.469641923260759,0.777450258060678,0.870417966977827,1.49875059488743,0.28776998276152,0.159457877120198,1.17294265659982,1.1181784092523,0.512913392620563,-0.463321292148814,0.188171226402548,16.5340288185432,1.57015744367278,3.70351284635354,0.717211615417678,1.25068630439682,-1.10092855083694,3.30374548430763,0.50169796835194,0.979572835952984,1.95114811143885,0.391151963508833,0.644470544264196
07-May-2024,0.379006797926549,-0.212089156913762,0.27343376268,0.0337552745821115,-5.707806059668,-0.00809421668659453,-0.4117810849466,0.227713425781631,0.201897908275735,1.37160461892311,-3.11847675713122,0.733581149021358,-0.095978689810617,-0.103533075121102,-0.298410522586818,1.14286958236228,1.81571990452938,0.442751958853037,0.680635376644363,1.85654367277647,0.0941809689528251,0.839201878169341,-2.25058422781473,0.977661418461699,-1.74069751783485,-0.779951560412229,-1.39462299711335,-2.61697177333847,-5.73222811078285,1.28694376368965,0.0806548343976852,-3.83421210945481,1.32218053272959,-0.498026102362323
08-May-2024,0.186229993024347,2.77432082706877,2.30750351080918,1.20766311754439,-1.47579874527447,-0.389294895540889,-1.5002540763021,-0.0799483453303251,0.442745742356273,0.0575429190137103,3.28101234756574,-0.39946790803784,0.471025479244947,-0.151610403336814,0.0669116643301235,1.12995552539335,0.117279137758382,-2.04994334242018,-0.214976793649266,-1.09797656488817,0.154533574610274,-0.11148751208374,-0.595535258868663,1.24310993078368,-0.154730358014734,-2.25468932219454,1.78448703867909,-4.65200156348929,1.75443096509095,0.6854301102797,-0.0850164089267934,-1.75308719113163,0.448132042466386,-0.0172176308965267
09-May-2024,0.996441774872525,3.15066710934041,1.78987960362479,2.50260014916092,-0.355745661552676,0.267802959809825,1.39255347353831,1.77449090425624,6.18994998133165,1.31442982073432,9.90679207424776,0.797346417014195,0.94515972557612,1.33709741431247,-0.103079979541758,1.39472274808506,0.623176310800196,1.50394425240891,1.0973254780513,0.341840375315793,0.602411460338088,0.477235938671984,-2.21448405115729,2.34698421094609,-1.85314523937498,1.41135964405963,-0.318866523496479,9.45884186759153,-0.678625968435902,1.71694412270083,0.493828164058258,-1.58646495604321,0.756259543548688,1.95240440169723
10-May-2024,-0.826945575295463,-0.250438397861625,-0.869975471449777,2.05993766013353,-4.63412763347357,-1.20670033333875,0.251121208201188,0.223382832045145,2.12893194586637,0.434331718567899,-6.4550778367805,0.198347172465446,-0.219748350239665,-0.641842487909314,0.308401575981219,0,-0.340318282656575,-1.3310652508165,0.158673924684431,-0.773755373895159,0.0400320261551065,0.104558994663517,-13.5496244255454,-1.06491536803994,1.26520189616033,-3.45565020320267,-0.605091719851694,-7.8840061707776,-11.0996775972024,0.547016359768574,0.119283877205855,-2.05623505979954,1.13352327581074,-0.406091928631507
11-May-2024,NaN,NaN,NaN,NaN,NaN,NaN,NaN,NaN,NaN,NaN,NaN,NaN,NaN,NaN,NaN,NaN,NaN,NaN,NaN,NaN,NaN,NaN,NaN,NaN,NaN,0.28972434166775,NaN,NaN,NaN,NaN,NaN,NaN,NaN,NaN
13-May-2024,1.74915785479312,0.100250634962557,-0.549629576347888,-0.0956175371655085,-0.704245849487418,-0.262833826872797,1.15772955765692,-0.780993828951391,-0.630215246186863,-0.0565450962196505,1.28606604985832,-0.0660720209038135,-0.528481330963772,-0.244984391958668,0.33164942752356,0,0.214049507684546,-0.793508985086025,-0.986498838780193,0.290121284641675,0.870061610590057,0.357660263751108,0.581059159546574,1.06491536803993,0.576882008100253,2.99096880203498,1.5235015663023,12.124924363287,3.20883145515007,-0.490289498079081,0.09315929829357,2.00970449419528,-0.208872263728056,-0.042396235849348
14-May-2024,0.615452425671729,1.78753518269631,0.955061626653127,-1.51006885517167,1.75878937453371,-0.453365982822641,-0.835783294959604,-0.560737740357341,2.13400298264092,-0.377786622348237,3.33205504005016,0.461590005196605,0.223902135515166,0.00387284169806582,0.900239782747709,0.276625349289011,-0.565303649687023,-1.3651907864866,0.180397945415503,0.706966535885877,0.105750175089749,-0.720885242714363,4.58614189488551,1.12001170795363,1.05634785095692,-1.90499367845323,-0.211193320314361,17.4214969260966,2.90476854402308,-0.0945626548006955,0.460188127809226,3.23975220490316,0.417309160433588,-0.20375251127444
15-May-2024,1.21438586384873,3.90882089176842,2.42061148512947,2.90337828556409,7.97661176104496,-0.281294137661472,0.463211232656158,-0.342864475965709,0.0363967246966188,0.716578589541843,-1.68071183163813,1.43699402829528,-0.207917673318627,0.14705695301204,2.1877076729532,1.37176362287991,1.01138662369285,2.61825460406039,0.180073097160005,1.26587660927179,0.848549738782961,-0.665767122073242,11.1429499803022,2.13820699359136,3.51668046124412,6.02752072632941,1.53849188394795,-0.875918008988147,5.95413936910167,-0.331675262599404,1.19774741078327,-2.02544330904721,0.711636366635009,0.770374180338398
16-May-2024,0.0632311118127256,0.377893694862576,-1.36331321327246,-1.2339976235576,-9.90596403435788,-0.723405640906063,2.21489103510806,-1.2093687225454,-1.42938112571449,0.150206562225564,-0.687944620298647,-0.194742028439557,0.276150952877869,-0.395221696235552,-0.284070841228226,-0.546449447207874,-0.494690373008844,1.39182171760562,0.392994373738494,0.963404145894069,1.0490404071176,0.161479618687046,-2.76052660918889,-0.834098410664944,-0.285729598066695,-1.23015689173279,0.346380671918796,0.584796988242312,-3.7295784743697,-1.05922074336084,-0.0660480896697448,0.487344369648897,0.716200285172551,-0.600551604074346
17-May-2024,0.0158015327815464,0.329489589685248,-0.717489007258771,-1.57230898313339,4.14544198925559,1.55670941920403,0.277777956390237,0.976039376848765,-1.11359725404864,0.374532273016211,-2.38684077575756,0.129870148123664,0.397335675298115,1.32287094302908,-0.241414147356935,0,1.01582646847515,1.51452373518831,1.09959579272856,1.07355987681665,0.233070156004835,0.294297925697748,-1.02302682508149,-0.419672747104386,-2.01248496154069,2.78253671243776,-0.972905519811915,-5.39052648362024,0.598207167754747,-0.0575760499544105,0.102249497661001,1.48739614120781,0.642511054396166,1.49049115232691
18-May-2024,NaN,NaN,NaN,NaN,NaN,NaN,NaN,NaN,NaN,NaN,NaN,NaN,NaN,NaN,NaN,NaN,NaN,NaN,NaN,NaN,NaN,NaN,NaN,NaN,NaN,-0.0570678552268134,NaN,NaN,NaN,NaN,NaN,NaN,NaN,NaN
20-May-2024,0.614320274891363,0,0.660278949441807,0.676876073429546,8.13313390145147,-0.676012467256494,-0.48661896511729,-0.945005642931212,-0.149421021450181,0.521999693875781,-5.11692685073245,-0.259909178151987,0.660892837652497,-0.535267374396096,1.10071339501891,0,-0.221633432087981,-0.634632648135076,0.403838679832084,0.487280696736595,-2.20335153259674,0.188582260585745,13.7636067448655,-0.289550083844785,2.45660116153749,6.60429831128241,-0.384817686703627,-1.55041865359652,8.56851168482763,0.803063589266772,0.123412148352942,-1.42450125934947,-1.42056023695767,-0.814070208469959
21-May-2024,0.683379899406693,-1.13422766039346,0.0985080872172283,1.71978760970317,0.261658352715257,-0.397845530977289,-0.139470036554956,-0.728725469554547,0.670643348149207,0.297066687086534,-9.05879860392327,0.194995186907893,0.119691840432839,-0.443956179221529,0.200542446974577,0.81855845864395,0.692177345370669,7.72571577667498,-1.06147089827157,0.524284539433817,-0.0198340551375857,0.262992058700518,-4.44313978384765,1.41345109349047,0.641533461767455,1.55880363265132,0.1050972245975,-3.82212128201977,-3.24553288939778,0.389641737914518,0.409571372053194,6.44670695995465,1.21448868776014,-0.693390229490764
22-May-2024,-0.756689846660213,-0.524185141160067,-1.742907669753,1.56644807003864,2.50619953042203,-1.86090868799785,0.209132177999753,-1.51164936795502,0.333642570854528,-0.819066380962299,0.901109949673688,0.194615695548597,0.115036796240283,-1.60034615695745,-0.063198196630807,-1.09290705321903,-0.904635175166508,17.1331523567547,0.319290438797247,-0.829973993442952,1.48325880045197,0.298501319702199,-0.516554330089557,-0.822083314485725,-0.462331389882179,-0.157952962866768,3.57672238586311,10.1782694309942,1.68228266441516,0.83121287116556,-0.373427689894206,-3.53995130642772,-0.421093549786878,-2.03152745874057
23-May-2024,-2.12830310918398,-1.78360958709441,-0.944950286095561,-1.97777597160427,-5.61908131473243,-0.457938385077771,-3.16588470184149,-0.400623727462695,-2.81497288346043,-1.8106869644567,-1.53675340657594,-1.17341633216488,-1.82198539150114,-1.00758842285237,0.166391463828695,-1.66208812360404,-1.60798669993535,-0.773590268283398,-0.501237320084026,-1.61750161522393,-2.50672756016692,-0.561493378402712,-5.61619015502097,-1.31893233510794,8.91155334734934,-0.966293406937535,-3.12257313367413,-10.3407390036944,-7.90391952962962,-0.850184603341602,-0.562769279614611,-3.60078465171917,-0.87076009164154,-1.72064160274863
24-May-2024,1.64521038221741,1.6880072853578,-0.21556659881088,2.59754864032605,8.23667470697215,-0.340570784698279,-0.197859584290032,0.514793472199541,2.18382172574253,0.474699457813102,4.23603233250247,-0.262639678221913,0.971354972242345,0.296085023453902,1.15114150638397,0.834497193218069,0.372622513908379,10.2377808325401,1.0400335300717,0.826308712586072,-1.84048071069895,0.0577892421078265,5.47484737530627,1.6981912739778,2.53972845947265,0.302805161247366,0.660068403135187,5.53500950831649,3.93364382676889,0.812551711750601,0.751779158023608,3.11657610861678,-1.68979630527866,-0.0793196181366126
28-May-2024,0.00526357344123675,1.04663181874231,-1.86464818695396,-1.52532140161386,3.04592074847084,1.44788948255109,-3.49948688838196,0.814424148694125,1.14794817356217,0.189250624236363,8.61196166138671,-1.25704599352128,-0.907339761880185,1.0999651496763,1.21349503005828,0,-0.973698373954222,1.22824312963035,-0.763873990403123,0.802531413903497,-1.77797716075782,-1.91617713851104,-2.28908421289029,1.19373417021381,6.74576151266218,0.381184780057072,-2.02875093754335,0,-0.289715316115279,-0.708251697554467,0.171710254707669,-1.39893851412602,-0.887489147741645,1.26162528502685
29-May-2024,0.157778511746673,-0.284360381186762,-1.28069337941253,-4.03254636924765,-3.467595419247,-3.16836202751417,0.0745573193903594,-1.35470831692769,-2.95183023253001,-0.854462618238953,2.35537855567614,-0.802143338457523,-1.26814981473959,-1.73152529068466,-0.378004083873807,-1.39472274808504,-0.75397182572306,-0.705653505729753,-1.30667713394111,-0.283849182917846,0.0415483698242159,-1.26428374092136,-2.39210820284235,-1.10240400534238,0.804481428635412,-1.23885038263409,-1.71066181538951,-1.55041865359652,-3.34347760862373,-0.904380479856175,-0.701414200282827,-0.317334657414433,-3.83697411522501,-1.07664395062327
30-May-2024,0.524137685064667,3.26826474303584,1.55015910243833,2.3560876849392,-0.801854066212328,-1.45962474274715,4.32115352800686,0.863059044206022,3.28265207440578,2.00119950064619,1.39862419747401,0.0670915825233692,0.92477412268119,0.287808149859891,-2.49515299751892,1.39472274808506,0.872502064807825,-0.508136668246024,0.882019423210699,-2.17818444616231,0.579871844372615,1.7994049848076,-0.993056820260069,1.95008439589787,-3.83501637816832,0.501642058444598,1.3566791448771,3.07716586667535,0.498754151103919,1.09373861255911,-0.650534061098919,1.46489745611909,-0.635369543310107,0.316316931876936
31-May-2024,0.500600722119128,-0.830263071974008,1.59845209396982,0.604231445596244,-3.83827613852566,2.52121499990894,6.15898526024979,2.52072243394983,2.71509890659509,0.781981270209082,-5.45067039740582,1.26626150442315,1.6773853449414,2.30807169324494,-0.109735668335992,1.64838897216894,2.21613013461496,-1.83036429454556,1.23858258724487,0.226342918952492,0.952225040568053,2.01879547463413,-2.62906952317176,2.31348412926663,-0.790446127135889,-0.611377767014225,1.6180444455958,0.904983551991808,-3.13315168506411,1.9576328814938,0.938071133147691,-0.397904523649395,2.80872488924148,2.82829662873819
01-Jun-2024,NaN,NaN,NaN,NaN,NaN,NaN,NaN,NaN,NaN,NaN,NaN,NaN,NaN,NaN,NaN,NaN,NaN,NaN,NaN,NaN,NaN,NaN,NaN,NaN,NaN,0.0481914817497822,NaN,NaN,NaN,NaN,NaN,NaN,NaN,NaN
03-Jun-2024,0.921617789742773,-3.92021862290281,0.512010510821217,0.158403327910157,2.39236443091403,-2.26621376258622,1.01828774050523,-3.02750167642244,-1.51136378100482,-0.464728041531406,-4.90550189592493,0.72583624503229,0.229058152223474,-2.59056712312377,0.923059164962838,-1.37176362287992,-0.154604340390375,0.352630397731924,-0.504992461571299,0.387653449264498,0.726880684192805,-0.584260783077232,0.306905611741775,-2.92926542079381,4.78210686768016,1.42185639033506,2.24263323227751,3.5401927050916,-0.928320230354917,-0.408960510498245,0.116908112921051,-1.01025212295827,0.416998821439625,-2.42556451374933
04-Jun-2024,0.164787101505114,-1.30910960468797,-0.0162657167846762,0.158152808545933,5.38829630625869,-1.41507623518256,0.0830082225798755,-0.848246420289226,0.686542895355244,-0.729315995660377,-2.71078075287992,0.328191958510955,0.136257380390571,-1.07088562784472,0.344972989768768,0,1.14418824339388,-2.43104254395806,-0.315658947754348,0.357390281258293,0.0406036413509647,0.275496976136344,4.68913832002046,-0.723237041198085,1.24439905141725,1.80444226455738,0.612246810438383,-6.89928714869514,0.207039411430827,0.492405881804484,0.195250385677561,-0.865954251938218,1.60533095607386,-1.56748542225012
05-Jun-2024,0.779051656841978,1.78964873218181,0.003253355022657,0.724298552979195,2.90577344795428,-0.0356347442523523,0.727516436329751,-0.739291721762485,3.11971418420403,-1.43669767975382,2.73217341527832,0.522877008279928,0.506704958544093,0.0563667612089651,2.56846433798275,-0.554018037561536,-1.347469858336,2.55563488665383,0.713845885337864,0.927841707904634,-1.24588873716148,-0.783629240196498,2.6450207513529,-0.129701704304515,5.02449951997893,0.98515341836903,0.203252102492243,-6.74412807955326,-0.20703941143084,0.499215236637572,1.1279305792479,0.131515014524433,-0.469954563593445,0.398600997218808
06-Jun-2024,-0.7121843858784,-2.42612578903044,-0.551325062638303,-1.51757575753829,2.23420243469383,-0.0267343939568483,0.394607549211038,0.611111226099007,-3.26385835330618,-0.477145670976498,-1.57381711274761,0.260416813838773,-0.439990650103825,0.504541262887199,-0.302974160054368,-1.11733005981252,-0.330001270069227,0.142723853617609,-0.39483421433375,0.749705334601675,0.30780830760099,0.726029852997468,-1.28972411088253,-0.455285339291414,-1.18305684804706,-0.912612675790614,-2.57083567102069,-0.332779009267458,5.15005267994413,-0.240051818718375,-0.0398402202772327,1.66604408931072,-0.238796579287986,0.74860537193813
07-Jun-2024,1.23158671458732,-2.43611351185964,-0.219416832474519,-3.40223969334761,-5.15635724069932,-0.178412179350144,1.36899139328727,0.0961507718061739,-2.89026886454688,-1.60065127954667,-3.15664659678345,0.0649983773289986,-0.279565811295133,-0.504541262887187,-0.00322635285035272,-0.846267391873365,-0.233599483295131,-2.25975332494548,0.291257466404652,-1.2927655196633,0.44974522145748,0.321704671594773,-7.64035042809973,-1.72270681496,-0.09095043828405,-2.57076822829964,-0.766821464017898,-3.39015516756813,-4.4272823677988,-0.0647279138600964,-0.0839260660662949,-0.258848830591263,-2.26281806045022,-1.07622774848562
10-Jun-2024,-1.93334398045197,2.53429712308532,-0.0984026057688934,4.00570349071099,2.28768808197456,1.15402967388662,-2.45793137321409,0.421968530986273,1.43728289577587,0.0388726924234298,-5.7699435856906,0.32435967458422,-0.241995807241142,0.981309735147835,0.409880185787909,1.12677248463423,-0.09749440179485,4.55538056880539,-1.50216694165676,0.314762614299355,0.0339893276784345,-0.569546863241262,0.981159433158397,2.07410953226156,0.741720888511859,0.0185989664824736,-1.80057821279302,2.38512158221801,1.83491386681964,-0.947962489189637,0.0986058886765296,-2.10102527340662,0.874519873082454,0.292255444260187
11-Jun-2024,7.01314111741895,-2.73580852628742,-1.32802321758653,-0.667198662490917,-2.27130672392333,0.2908387895957,-0.465581153619404,-0.159627144963795,0,0.135935548653474,-6.83312433487103,-0.324359674584227,-0.851773662835109,-0.101023536439778,1.474065945792,-0.561799230422326,-0.156189020428227,5.13058032442679,-0.691266607738304,0.915741689259025,-0.251795022277434,-1.00187882513002,1.88348657738456,-5.65242959873832,-0.725178291286382,-3.90634460304992,-0.142602519709414,-1.69783365344179,0.904983551991786,-0.158871114206546,0.349581173024444,-1.81744006682036,0.246161420482566,-0.807995516825751
12-Jun-2024,2.81775816938641,-0.860982781268398,0.126292017184783,-2.0287284092137,4.31191084324768,-1.27536933730444,-0.016668055709894,-1.46119557702661,-1.17778321354523,-1.42678077556968,4.03843510705427,-0.130039030028336,0.159262200988206,-0.955448943002278,2.11776084860721,-0.848661387731869,-1.02121861581137,2.07654797024895,0.575820599873678,0.66025464878241,-0.924126096168693,-0.80051625546678,2.39174330605887,-0.662071383934871,3.48659914798428,2.12651848453451,-1.32880389400848,0,6.30358912530362,-0.140390308050733,0.925595501065719,3.81135368018503,-0.636822498052904,-1.11162059065638
13-Jun-2024,0.547613172558745,-0.305654848254888,-0.860607733367436,-0.489157994763771,-2.91305914580497,-1.16551435917488,1.71876648914018,-0.898853182611535,-1.15436023983204,-0.216770210017819,-2.47353694291816,-0.065082983097837,-0.811933047277654,-0.998564439208039,0.802421126917227,0.283688133519976,-0.0592358591711224,-3.09005286641259,-0.620252133321638,-1.49032365952827,0.0275046415816239,-0.119868812504664,-1.53811020383022,1.26514338715666,3.46174827692856,-2.83347032061531,-0.0361598268268413,-2.77795641070757,3.14549521678862,-1.6430964555527,0.281177823359286,2.87989660381547,0.854231392770594,-0.805543569419443
14-Jun-2024,-0.820195350922139,-1.33540762113233,0.0401929265861092,-1.74777738379837,-1.27607697361047,-1.3619240833425,-1.33610235028158,-0.176811545358853,-0.375234961855035,-0.514241639562403,-7.48595693330341,-0.195503483580335,-1.12839805494504,-1.03329799656889,0.535317833532764,-0.283688133519973,1.0804544749825,-6.35420817259387,-0.253294675900105,0.926274558473397,0.0618577977729799,-0.0479877858483781,-2.68574541698828,-0.164113822392437,1.73624767682465,-0.686769868474569,-0.43494088138278,-5.05522791628312,-4.18471099355005,-0.764602788345305,-0.0309734972586836,-2.47460474591023,-0.0362020075955644,-0.848738838936655
17-Jun-2024,1.94805302849747,-2.61932208769313,1.54846091095614,-2.42436116099927,0.245098161914016,0.137030122387596,1.43436636080878,0.405547389949397,-2.31993671342546,-1.96241780199127,-6.49524619499464,-0.195886448533303,0.876157052450245,0.117772739640744,1.03411712826093,-1.14286958236227,-1.53576556543199,-4.59197582891632,0.700127516222935,0.25421588133572,0.281313438118344,0.146072953427442,2.78569545029663,-1.0318589180276,-0.684777841362281,0.625543104900971,-2.01804683749062,0.738010729762246,3.54514736990955,0.229995309818571,0.709974480500693,5.16190657101988,-1.59987191003863,-0.689753045011302
18-Jun-2024,-1.10452208836249,0.634922767865874,0.889595047174517,0.882258861517908,-3.80463723616704,-0.118748586687679,-0.13104014979146,0.0913480423693181,-0.192566976510098,-0.0606857508257129,-10.3378354453835,0,0.249761878050598,0.545964640129391,0.265887049658306,0,-0.766821464017887,0.397174476664216,1.40921176994258,-1.22046188930634,-0.205761389468004,0.215449316754292,1.2903404835908,-2.62011485588552,3.45172322129123,-2.12423759677885,1.58120595350847,-2.98529631496812,-2.3181381107281,0.286752251545701,0.347997321572382,-1.38600123629086,-1.68615117370774,0.936904070173217
20-Jun-2024,-2.17476788198398,-0.528821962156441,1.26649741195384,-1.05282004903726,-0.390675260155945,1.73964702519175,-0.0163920990449755,2.13577173339021,0.154083235415564,0.78605665247281,-15.7403061996299,0.391389932113631,0.201169848150183,1.69922233504057,-1.283794640559,0.858374369139143,0.0699545324085495,-0.880489571689362,0.545489363598303,0.68869619655992,1.4518197955058,1.36884923377061,1.85642849685101,2.82734018389256,-3.60453498696897,0.119362278644317,1.1967504571991,-4.05852801150783,-2.27713824124776,0.285932333581024,-0.350047951628546,-1.7957527554056,0.71874953413278,2.13466861123759
21-Jun-2024,-1.04994132767912,-2.08954829941629,-0.559826718960206,-0.891638280310349,-3.97978272753127,0.0089819014745919,0.604725222769435,-0.872023992144532,-0.424301504451567,-1.21189122073052,3.34528528945966,0.389864041565732,0.235064474392318,-0.664641628179622,-0.590895997067384,-0.28530689824064,-0.260078170005726,-0.462482036033282,-0.461631916336193,1.87120903769197,0.654236306523756,0.269824777706665,-7.27684869110271,0.481862293968866,-3.2721007328773,-1.11101147080879,0,-5.05668895405829,-8.71858818325818,0.51262690576992,-0.21144043924898,0.789954187461524,-0.399127826642869,-0.880904572824156
24-Jun-2024,0.31277844713534,2.77647306130458,3.19038410690402,1.57214447906462,-6.18678675397212,3.38207149254542,0.58489200047989,2.56220507240487,0.731757549876125,1.39241478795862,19.215494937727,0.710826902541224,-0.827495204411701,2.60884360842979,-1.68750073294466,1.1363758650315,1.65884111752221,0.926662403382895,0.0938369317154744,-0.22850783246708,0.248430651154183,0.832708115843428,-2.74423553129938,1.4182700570769,-6.91791211806011,-5.83941349541601,2.21042867772413,1.64612770540719,-3.62513042254234,-3.51724842504684,-0.290174411031528,-0.235236302025614,1.51971420629602,2.92712504276359
25-Jun-2024,0.445819390882394,-0.475060275859775,0.363944806075992,0.101677690508681,4.33227508483156,-0.156412962024264,-2.11188990012657,-0.534979404770762,-1.15786704605461,-1.43306519502246,8.16019833850153,-0.322476899901459,-0.704307309349217,0.127230652201301,1.8963157494604,-1.13637586503151,-1.29891271455753,-1.75287295653744,-1.09463715734373,2.64846863410297,-1.30270817327858,-0.732245337400185,2.95224392663216,-1.1850577969087,6.53795440613792,2.96675777019079,-1.31323981365646,-3.7426405519117,-0.108636621222107,-0.383236355650497,0.548768705981873,2.57900921027615,-1.12471426143119,0.280185806272841
26-Jun-2024,1.97960622532513,0.0528960604769503,-2.05344724934656,-1.22700925918144,-3.26875923955184,-1.20736374787603,0.313868267910059,-1.59667524832837,-0.740311193305772,0.121901681084956,7.62071852295199,-0.258732356495091,0.208177848986825,-0.888742592841069,0.365259711087237,-0.286123228103223,-0.249812770435536,-3.49174513986193,-0.254319324609428,-0.0815416859075928,-0.251692252186006,-0.231001321894735,0.621441668511141,0.532970171760122,0.245554402762199,-1.23419805764985,-2.05746293931937,3.7426405519117,-1.86511166261005,-0.305674940964651,0.0348385645936615,4.70221095224426,-0.0949883400969115,0.0349680919727014
27-Jun-2024,0.397800922384861,0.947375506729018,0.277729185238171,1.86857823340588,4.29634226464395,0.316372528583066,-3.81590964290545,0.236974524066042,1.7061290157465,0.728305869485956,-6.63575843968415,-0.194489526460574,0.10139819956193,0.27470730589488,0.219982092961556,0.286123228103219,0.638278819983783,0.799441839315996,-0.691619880373757,0.828621817173468,-0.697152710807739,0.0299747358044378,1.48606373001159,0.475900007571947,-1.92505645210064,1.56763497673879,1.37633465624229,0.407332538763565,0.991743665734592,-0.634042147859063,-0.11070565729445,0.533280422760299,0.494601618294702,0.427369714185747
28-Jun-2024,-1.63876336431859,-8.29717355386504,-0.396078072338644,-4.57990177426197,-0.793317026166266,0.35909826195263,1.19231526611919,0.0639508878992796,-5.2082776103472,-1.2372128202331,-11.4690897750315,-0.0649139912440876,-0.533917442528508,0.288421848686024,-0.697508269748435,-1.14943794257351,-0.358530410947196,-10.2998107034936,-0.810110156115507,-1.77390656551891,0.246609249519347,-0.00642240133806121,0.961789241417891,-4.02738991379398,-0.363592692399748,-2.27634665181761,0.645394854074374,-5.42930823666623,0.219058137981868,-0.228844435973726,-0.341086876258155,0.232734736976606,4.58451275219861,0.19128777244024
29-Jun-2024,NaN,NaN,NaN,NaN,NaN,NaN,NaN,NaN,NaN,NaN,NaN,NaN,NaN,NaN,NaN,NaN,NaN,NaN,NaN,NaN,NaN,NaN,NaN,NaN,NaN,-0.0995009956811146,NaN,NaN,NaN,NaN,NaN,NaN,NaN,NaN
01-Jul-2024,2.86890537082001,-0.74264837181722,-0.461939037196022,-2.28092568452111,4.89122952934152,-0.0174871033058989,-1.55279973511033,0.063910016874652,-1.59219530105854,-2.04109755677776,1.00259080742297,-0.586129974999112,-0.341839707915501,-0.0684084537425625,1.16093936615626,-0.870832789178431,-0.881857603894908,-1.22722829036271,-0.785457577033101,0.4600983085023,0.19138761822842,-0.141397285593027,12.7974419496659,-1.29345844239179,0.613300824891219,4.14239430905276,0.854097718733268,-2.16928246112599,8.49121657044426,-0.840257019322996,0.316468966604645,5.87798553702571,-2.91082498655534,-0.139082080834296
02-Jul-2024,1.6109450935415,0.514728045230952,-0.0771977265010141,2.06928539388336,-2.54309834178699,-0.210084110881173,-1.08931655518821,0.146838217081823,-0.784965815342313,1.09788777556065,-4.16662645603863,-0.392670661617175,0.754346925732373,-0.129050966698129,0.62188228732702,0.581396986541982,0.461940970066934,-2.72181375124474,-0.718173495362729,1.22207750729554,-0.280370819965533,-0.158774466380061,-1.9696249975724,0.812143809916646,-1.32001754720048,-1.19667759885854,-1.39163708868685,-0.4395611473038,-2.33869326981535,0.860177338113965,0.60344040824718,9.71019769710507,0.723144687640193,-0.68080912346562
03-Jul-2024,0.579423104943228,2.03281985874846,-0.448279392960145,1.22830110697594,-1.13604934930469,0.567959934727756,-1.43585026790848,-0.0255215977905339,1.07261754440353,1.37086545794316,-2.00547864099157,-0.723925504411791,0.50014030020502,0.546664874223709,1.2281064036274,0.578036291549933,0.030052592262252,6.4241448454969,-0.325921541727542,0.312618160061507,-0.233100338647559,0.0708359747563576,-5.2912573685983,1.91151287477792,4.47175517802936,-3.63589653480704,-0.468216234450661,8.44383191465745,-1.55524130074849,0.328113642615944,0.662644455721186,6.3373027719395,-1.69010125384856,0.5066840577051
05-Jul-2024,2.1389995892297,-1.01124457258857,0.483669082061114,0.625871305883016,-0.561724093043019,-1.95325583398357,-0.141193104995289,-1.54333974520113,0.898698859098623,-0.203417482673369,-6.40670353055584,0.723925504411789,-0.613617484786056,-1.59310133879694,1.06298540584144,0.28776998276152,0.718565966087453,-3.96760112818732,-1.12963641227252,2.53985280069354,0.540782370035075,-0.833885826288504,-3.93732510020306,0.361312232977704,-1.92835852210776,-6.95549807788339,1.25562187754125,4.74397250715604,0.728790315759135,-0.367958249179539,0.448748504263162,2.06068628206313,-0.384497866067621,-1.21861850836568
08-Jul-2024,0.651754993397049,0.787405643090587,0.186393343806273,0.828447955300158,-1.40466923299041,-0.284723032457676,0.47572990788025,0.0129600829626728,-0.44833985839758,0.446973519449371,3.86667768945408,-0.0655952794920384,0.642269646701734,-0.457770539880801,0.364915537877646,0,0.0795228670138317,2.22607357913093,-0.430490747546298,-0.827125859802788,-0.685028024746702,-0.0865875887504072,-3.37818863964194,0.0277392512180872,1.8659754882693,0.325108384796435,-0.428725201161992,1.91210414467786,-2.52114193464961,-0.26936715045341,0.191418468869281,0.562979721098857,0.27216469452756,-1.05520819493164
09-Jul-2024,0.37678029240047,-0.956945101615079,1.41864438270306,1.73798888229046,-0.267859329790939,-0.930988731300666,1.27501508938264,-0.878597301902034,-0.57353700847442,0.303613227864023,-1.39490803775302,0.392927813988956,-0.383349838764832,-0.905676709306949,-0.0410196701683504,0.286944242795274,0.297648795998581,-0.835640985142897,-0.34286972408909,-0.0264543267594001,1.07340448812158,-0.316682476231025,-2.4397784261643,0.0138667406448507,2.45023429777572,2.09736133129583,-0.754720563538297,-2.68730182510965,-2.80493038098996,1.00393467821328,0.193061900087119,3.64509467364302,0.564472434666783,-1.11152094531025
10-Jul-2024,1.86289665758602,1.34833503372872,1.80688124172613,2.83116328258914,-0.18656297359434,1.19794030467478,-0.156317878118031,1.39562811825198,1.10317768435834,0.544191608031467,-3.74830932547405,0.975617494536466,0.644632805868175,0.72224815148003,1.47142621650785,0.855925339566991,1.85508583289829,1.47204068397412,0.854980093264024,1.15742032811367,1.60553907532976,0.154128391215485,-0.738399979463991,1.07572406794959,2.65140019863988,-0.219553027498286,2.24728558520588,4.56352947066194,0.218579321998023,-0.426186283619253,1.15060896648238,0.353888380900111,1.77641020257409,0.879481573013731
11-Jul-2024,-2.34947296005037,3.992873854304,1.0575891759058,1.9834823564635,-2.27099282881152,1.28908724867814,1.1750610408442,0.0837655901294432,3.6701366850428,3.7092435286956,3.61444049691441,0.837903709884775,0.0134731627212285,1.11146312574698,-2.83698735624245,1.96912128901817,1.57270837670533,2.1125412263918,0.791439668004712,-2.97832232793691,0.180523567228094,-0.136749931772177,0.685837560382604,2.4391453124159,-5.72761463126627,-0.149827089345375,1.08753922262647,8.54612294152282,1.62429126029369,1.02767702868036,-1.02210779429748,-8.82207299259633,0.682392804086969,1.18134340059177
12-Jul-2024,1.29664998017392,1.27865354235938,1.75025812051838,0.417671289917095,1.56711863066392,-0.74847353336775,1.34802826220754,0.212321134933721,2.4759485288662,0.656373012879259,3.3912714819446,0.576001592532721,-0.4051646048453,0.243560335371606,0.560591165054701,0.555556984460196,0.886353193769267,-0.089995506299064,-0.0915428554879471,-0.269803746659053,0.120168249990401,0.725025088939767,8.80185807707768,1.72532481475595,1.43393978182345,0.693056342691234,0.903097489053809,4.66751385701297,5.2313182288296,-0.433498215805281,0.693857074326502,2.94343286609011,1.41159358931442,0.0176584849478849
15-Jul-2024,1.6604674529991,-10.5419337457202,-0.205755163514593,-3.35809874799566,10.7857167091541,1.25599999905248,-0.56089209679509,1.56238232163185,-5.49804730407864,-1.82529339444704,27.2842827467178,-0.447714211243805,0.505240548655904,1.41775590094981,0.399603739522706,-2.24099013995842,-0.066442031773676,-8.88059111655365,0.537494048399418,0.785795216681423,-0.427922557252947,0.0323411781475976,16.8423466249868,-6.84760877494396,-0.620927173498444,9.92367472100459,0.620477688688287,4.45933755428187,15.7204117314149,0.335140776971989,0.358038334501205,1.76098147751325,0.747885460829388,1.69822008373399
16-Jul-2024,0.17902054992082,3.75224393230896,0.901572540838141,0.660940938767381,3.49592585261219,0.539694903288062,2.34155396174158,-0.170988927382738,3.91896577348848,0.508210632529706,-9.53348227890843,1.52674721307884,2.5934898853403,0.35651589385179,-0.521978719102031,0.564973254211913,1.14233009949977,3.60312286996202,2.13869263214085,-1.40912036015452,1.17903114347406,1.00809467499913,8.34792445305562,1.30190121901095,-1.63268932874288,1.38463750632576,1.36520891683273,3.96998698466845,10.0995602573125,2.00688664383787,0.601791348193208,1.53970048775676,6.29765299916801,0.717840920324123
17-Jul-2024,-2.5621414460211,-4.4014052559597,0.756571243877782,-3.24714720966032,-0.954880504974105,0.769666963751745,2.53178079842898,2.16936407062858,-1.64387263431599,1.45168522431274,-1.22734392168268,0.315159416234491,-1.29984530480524,0.844563566893887,-3.68598186696703,0.281294137661466,0.925024115173309,-6.09382303084718,0.13708491128583,-1.58933580559012,3.62210016920704,1.58580574043669,-4.47750320187315,-1.40058311889192,-6.85351008220566,-0.533349728096734,1.78066186494648,-8.91912143650503,-2.22939169592128,1.25558749228852,-1.28716221719131,-3.19197098482161,4.35126342584998,1.3694154432591
18-Jul-2024,-2.07485481489055,1.1186457540715,-1.41007976593134,-2.55010372700774,-6.57864559141795,0.455542495630912,-2.78184344436406,0.457921592265691,-0.63341462767919,-0.907254558143688,2.54687296356593,-2.29163433880289,-0.581425357566097,0.271381057995961,-0.293795577070976,-0.281294137661461,-0.568951774943094,2.5656416163832,0.437413129499795,-1.85670634420413,-0.743593169867217,-0.0147048011440563,-7.72742017117716,1.08018164677461,2.5934195654447,-0.793926948365894,-1.07131925207226,-4.51959763433683,-12.5968620242823,-1.101385457107,-0.913798596461217,0.293331936363871,-1.57173468123105,0.981229324275027
19-Jul-2024,0.0579723086984512,0.117027514819047,0.0966387898722997,-2.11648111920432,10.0077333639286,-1.95711130634513,-0.569134445523737,-1.75639791702035,0.198373403676529,-0.310740199545441,-6.60734956478202,0.449727709489574,-0.673090165633443,-1.13932641058538,-1.00712726516583,0.281294137661466,0.0093532245309831,1.32556997830389,-1.73696089912944,-0.0168847615428578,-0.470801553252256,-0.227148543382853,4.46539665953829,0.459386901022747,-2.64428426643962,4.43333269432641,0.87131918540554,-14.9310812728488,9.40640737240777,-0.996862840115275,-0.767590932496949,-4.10761428238456,0.17527246956078,-2.32479495480133
22-Jul-2024,-0.15615591992413,2.42646219996311,1.40277455355627,2.74278796816055,2.81504035898975,-1.79119801912891,-2.10355508750499,-1.36650446758757,2.62092060525256,0.755744319802401,-0.832261942678311,0.638979809877099,1.37777014166969,-0.632076285133656,1.98326059195881,0.839165763624838,0.578198011081391,1.7450691307914,1.03205789820288,2.23202431090986,-0.291328338633804,-0.0695095392964526,-3.20487576764007,1.24225199985573,4.64737621658744,1.01518173462441,-1.24225199985571,-0.598207167754754,1.73057470975926,0.929428706255993,1.1662705842768,5.0182728104264,-1.21012990644381,-0.691625476761008
23-Jul-2024,0.467738118054694,0.228050269872508,-0.815891915600339,-0.451938888473533,-2.87712565065072,-1.33544444899392,-0.619090541390476,-1.86452617584642,-1.24321725547955,-2.10698391364668,-5.29631239975651,-0.0637145609321149,2.64824747010572,-1.49897432593487,-0.0630352084739691,-0.83916576362484,-0.391316999861497,1.24987526696746,1.10985140450178,0.0660320279316779,-1.23293254305176,5.47335025310146,-10.0962869408425,-1.08959080859444,-0.771953616085029,-2.14890879419259,-0.338409798424057,-0.400802139753871,-5.45666197325197,1.14976834305194,-0.30389960495762,-2.06076906469126,-0.688090531431393,-1.62676317856821
24-Jul-2024,-2.91757815186402,-1.43392190188527,0.708682042024032,-0.664221984099468,-5.00213685553313,0.243320085802268,0.978464591209823,0.633978058229556,2.20383943602353,2.74202886510441,-7.21231727257108,0.825139559456652,-2.51898324173123,0.0172511031181214,-4.48845598731492,1.39472274808506,1.3721706116918,-0.756181305007279,-3.38125557834855,-5.17015989015129,2.54687647551518,2.73703988545022,-4.63220807548218,4.47471612858876,-7.04564243325888,-1.34335171935792,1.61402293286775,-2.43914531241591,-2.35715845766235,-0.133460458322509,-2.44643672543651,-13.1642949217666,0.90628284176752,1.4009510277251
25-Jul-2024,-0.481619168232989,-0.463231864827952,-0.391097810089592,-1.44853265848805,-5.68368156381267,-0.0630261579409912,0.187729383574468,1.58027663991206,-1.65802911415133,0.325577229086264,1.39454181499502,-0.506971935025062,2.59139177176378,1.37446075962359,-1.30863196718485,-1.11421765532418,-0.962257609917105,-2.34971497875808,2.19239216334657,-3.14815207080794,2.12720099936632,1.19623267092574,-1.90481949706945,-2.64711459023206,-1.73932782806323,-1.28186930494535,0.664896066525119,-4.20229897748479,-5.35275161324298,7.91984943384168,-0.675650238686437,1.95311545001267,-0.0125063648627076,2.08233302724997
26-Jul-2024,0.215868725462828,1.66910349684071,0.164387693000639,1.27300163220061,4.81070731148184,-0.153229107451566,3.92862890738268,0.190246743918178,2.60951107828519,0.761908447643958,1.28001747669618,0.570163090366367,0.979933649711743,0.457027250810048,1.05812557472926,1.11421765532418,0.436013492822956,4.76463359230796,-0.19952533366017,-0.167524270362306,0.624455632283122,0.649973613047799,6.16682816780826,1.11037024366991,0.692289975346291,3.55851695270345,1.93607359942476,6.64144428990071,4.28702216584416,0.422127088879515,1.02412216201786,-0.204522284676788,1.77798202361482,-0.0851933941457403
29-Jul-2024,0.128381494019979,0.398747324122146,-0.701273552442997,-0.563778801251441,-3.65978848343752,-1.58199498965066,0.930087474980744,-0.788707815765722,-0.303490369515394,0.397690136872364,-4.22140599732551,0.0631512493359102,-0.115629736821221,-0.875402234000619,-0.131996473566675,0.552487593196981,0.599881822925344,-2.83599093106932,-0.313852884852553,1.50360898931065,-1.30327659216864,0.539699535083974,-5.33205779122543,0.107671612017201,-1.30872110495348,-0.415869724523059,-0.162628105447903,-3.68139731227164,-5.22335859471921,0.429091249021613,0.146037975252798,5.44502713108704,-0.522672267874707,-1.05385887316867
30-Jul-2024,0.256269589272897,-0.227660883759195,0.231304268103248,-2.61335796134866,-4.24779335755071,0.721365498565689,2.58130564508203,1.87879138656333,0.0379867051101482,0.565399169223754,-4.65042217139726,0.126182982042217,0.723644644678014,1.38998981614714,-1.85207597469537,0.549451931764078,1.11630768514286,-4.41074067550865,1.20859840253799,0.447296372865151,1.73188860963747,1.88121571434641,-3.58425624542868,-0.0807428384601044,-7.30400707538731,-1.64451304095591,2.15754625743909,0,-2.47631701124207,2.10970992605346,-0.593706005004986,-4.17020312153116,1.67621239208226,1.76723769470785
31-Jul-2024,1.48796067706135,1.35825517658689,-0.243334705123369,1.90413513039949,-0.0445612947973576,1.16685327356731,-4.61583029212688,0.562431178893249,1.3205247539205,0.468736210249512,-0.139082080834296,-0.37902761737808,1.09844685395152,0.496477844422366,3.4254403824474,1.08992904580356,-0.574897782692179,2.38954397924891,1.92664649406071,0.731360952376211,-2.18067416740521,0.789199894527835,-0.304568763355621,2.80100610687633,12.0553490916353,-2.03212366266067,-2.74520710633758,2.8749413285986,-1.75101750068025,0.520545613703709,1.49807849867432,4.15727682295876,-0.0295013407896066,0.354790032577962
01-Aug-2024,-1.68926004048828,0.672271439487674,0.916174073063096,-1.21734407010963,-5.36513096752011,-2.55945479888235,-0.49850551889186,-5.01558373497813,4.68606963181867,3.63676441708748,-5.50729073489272,1.0702022194,-1.30477640114111,-2.56297011202578,-2.68552557760454,1.87924993493673,3.0019832122936,1.15539042194827,-1.77659360637591,-0.455741367251416,1.82673545769997,1.27250108122497,-8.09751877139772,2.58445706473624,-6.90722261504531,-0.174807684467933,0.35953625917341,-6.26509649616674,-8.92442185371336,-0.640398380383629,-1.55391958054685,-6.77870662506313,-0.590115992738686,-1.39256729465158
02-Aug-2024,0.684590323716091,-4.45279037365919,-0.460031878333353,0.323683073468919,-3.93260610648563,-2.44689084876971,-1.18979199940204,-2.70295699528704,-1.00647866161407,1.14778878446868,7.1294143097698,-0.313578181068406,-2.97769455825282,-2.55977525062042,-2.14984343376861,0.265604405811621,1.16547319580758,-2.53060730299681,-0.361873943994628,-2.43032529357005,2.08071526205651,-0.0163989687238415,-5.37916252922326,1.02799306197495,-1.79236136002991,-5.37645120201968,-0.720369847334071,-7.14589639821449,-8.38948960878114,-0.257312089822249,-1.56373722015053,-4.33017026891483,2.9350119814331,-0.0598725587744104
05-Aug-2024,-4.93656958981395,-5.02798897220748,-2.66091760111492,-3.3963461596766,-7.6043833255808,-1.14102217294641,-2.57847461753466,-2.6535440487482,-0.907282579995697,-3.70547296343365,-7.94152656200397,-2.6736156491036,-1.64076999654083,-2.16401932265814,-3.872067218093,-2.96118540466445,-2.58761603191099,-2.83264601221829,-2.24464282361312,-4.5480514501788,-1.77637665256836,-0.619661078905795,-1.40599855682987,-3.23353806429363,-6.56889293483944,-15.3303581089606,-2.29360228768708,2.28842938335878,-3.08081237423316,-1.09668211966064,-3.22667185126788,-4.32486535924867,-3.42681768599211,-1.82176417498671
06-Aug-2024,-0.97959967031821,1.40203454788783,1.14038871344305,3.28856817187697,2.45033633620916,1.16938158137016,0.912619334519061,-0.993443162936102,4.03698325218717,0.240273657780946,0.480681273096425,0.450596192070592,0.617928243420904,0.489864675712364,1.11834820532261,0.816331063916084,1.70593160407327,1.60946138330858,-0.182047382583696,-0.604650075462574,-1.42404505031014,-0.702893577850491,1.75443096509095,0.377481736878216,3.71317694179673,3.67833675922945,-1.42230640135582,-2.752467339009,1.19618651174999,-0.670821873511842,0.943943244646337,0.881062968215491,-0.282875679486858,-0.5329152523996
07-Aug-2024,1.24207327539434,-0.79003753370936,-5.13012943555507,-1.70386576273065,-8.1851177904631,1.06238953443663,-3.25784407548302,-0.57415085604373,-0.421053253634338,1.68409618148177,-5.26337641411555,-1.03293365138825,0.435999750283812,0.427015539279483,-1.17634784099843,0.540541856690798,0.521133538195958,-0.806282844136711,0.62527493911335,0.409797881438627,-0.044043163011005,1.27516474627475,-8.5273757091089,0.763609482822495,-5.25815149271615,-1.86382371082281,-1.61598840643421,-3.30999484263447,-9.60238708064276,-0.218770596989299,-0.798640088558027,-4.52676673184269,-0.4002015161299,1.32267852418736
08-Aug-2024,1.6496486400387,1.57388236707145,3.82664117987085,2.13428249608255,7.22777652451113,1.24536925542416,2.41439299549404,1.45000797741835,0.105429635490599,-1.64718219066024,2.38197969457165,2.30927516429226,2.27790961401494,2.11083889927716,3.29086782045922,0.269179166571135,-0.956013300557977,2.07170413979349,1.25613707658017,1.92547307608762,0.827279724430037,0.565389233026354,9.3356941979912,-0.0257898131667896,5.94642492959571,8.73000555941992,-0.312446010126267,0,8.16523659687744,0.828794275203222,2.29235171184173,3.62558911003429,0.0282605625732837,1.89242278935815
09-Aug-2024,1.36423952644659,0.060042031224394,-0.679875297202575,-1.00720275922036,2.04325062029142,0.313537696913785,-1.28742209629141,0.34544735195824,0.0351185253828825,0.515370181756019,-0.494767897982002,0.379747291797383,0.504101984773864,0.24061253518001,0.740084444014046,0.268456537066898,0.213238641440626,-0.625987500584109,0.750273308243909,1.00707022448831,0.249345597334551,-0.00725163162028784,-2.09188336915948,-0.103225815617711,-0.209803624545927,-0.127080967668036,-0.732859675082672,-5.43343509633295,-2.81364126286665,0.908114348858134,0.454339718402657,0.581688532156483,-1.32979737378031,0.811020750216689
12-Aug-2024,0.594787008341882,0.299670586860567,-0.775113220936672,-0.325910120090672,-2.34528699009065,1.29895715898765,-2.30261678764293,0.0206889418344269,-1.16547319580757,0.457918191871198,-5.20767494643364,-0.379747291797372,-0.117846686779737,0.559633014166842,0.593292985453977,0.267737777071639,0.619361385343267,3.44789738557677,-0.612816241927248,-0.846734719000192,-0.461779291719344,0.961675987584834,-11.9619718389949,0.154798792521495,3.99547928338876,-1.61198189984935,-0.350877552967937,-1.02041701742417,-5.74503846449425,0.386681469997379,0.0843010440027947,-1.26294164001416,1.16188309431585,0.126129930532652
13-Aug-2024,1.70469032312288,1.07143882124063,1.07235466962222,0.650761515673821,3.18236668196945,-1.54786256520685,0.0179163307833962,-0.601723985903553,1.93497681798761,0.655740054615904,-3.68441182716104,1.26025612519741,0.67483390230534,-0.929528049577342,2.76800076481824,0.53333459753626,0.308248075329166,4.91311264464542,0.342818299406819,1.14567036546142,-0.936318776879388,0.449688574124682,2.48378781441292,0.693644399665717,6.3265008307769,2.73422169558087,1.39618323817688,9.29764564581048,2.97756624887219,0.222736320989902,1.72097562143292,5.10324876830867,1.57085535967884,-0.962601370176211
14-Aug-2024,0.203164926876418,0.295595840419972,-0.222848215038501,1.75035724325979,-1.00533976981709,0.909640121664048,0.304087525262583,0.360086255708756,1.00538201679888,0.777651084161585,-0.0417101153075294,0.312597941329204,0.295087253901703,0.597874964644251,0.257533967676644,-0.266311741948366,-0.228893488437799,-2.07550066653864,0.522247871749058,-2.33579164616872,0.0568056315966635,0.676978285614198,-2.28544064194745,-0.140908240825643,1.65660009082584,-2.99625176867538,0.103932107051681,-5.77083176206467,-2.45331865238719,0.673747804708067,0.405034547649634,-3.1526767343513,0.941154870162488,0.920575733919939
15-Aug-2024,1.34398582443843,1.92932029346789,0.820840256561024,1.92886919990432,0.590212357478078,1.72292981575445,2.76547786583652,1.46158295389165,-0.17262217302262,-0.397112435222827,-1.68283314982531,0.684295049690424,1.31247007428244,0.949226554292885,2.31563632050529,0,-0.308955535513137,1.77540258332091,0.752954310264429,0.578233961044569,0.384167742685298,-0.521580874663936,2.09157951499733,-0.772105238359981,3.96831348836191,-3.20914833206749,-0.590381989165281,4.83185772708077,0.391389932113631,0.601671235863747,1.52474736431734,6.14363362426551,-0.0103512525107909,-0.185122907126584
16-Aug-2024,0.590103094462589,-0.0579206503305215,-1.22135618385953,-2.07061266800166,4.0708351699518,-0.0449620078614471,1.3631476713398,0.319652055765564,0.172622173022633,1.29381858718993,-2.18752021071268,0,0.303077168400901,-0.18327671938603,0.205155179521748,0.531916147760003,-0.71869347988922,-1.83749510316747,0.216019255704713,1.02387867873872,0.188394931381321,-0.0285607184962043,4.92212915742558,1.4873975971108,1.39025840902181,2.55268372115176,-1.43836894837807,4.15764268457402,3.95712126186026,-0.347002167832484,0.296104217807873,0.920380224574122,-0.333538143288803,-0.472774202677673
19-Aug-2024,-0.0708058621430465,0.635289459773163,2.01112397198521,0.141743468097332,-0.414867471580497,0.502423450567924,0.768249617201621,-0.299218176322463,0.653260016107555,0.498665325419432,-3.62070454585314,0.7412016638629,0.377210450118931,0.478733135916013,1.45655252188467,0.529101763441568,0.373300584602733,1.31343066678261,-0.334352461973427,2.25110376355343,0.150460814542601,-0.311125666700265,1.22400548945022,0.987849978468797,4.2586370629583,0.630547803721322,1.75135824927082,3.55593020364869,0.748133165228877,0.33855301063088,1.06758995644844,3.00815681701898,0.19023577672179,0.304182744048494
20-Aug-2024,0.274093893969271,0.0575539584232218,0.176689255740041,-0.461402770660074,-3.59003976028844,-1.70589452003835,0.169923575295984,-1.46819322258561,-1.51936624437608,0.0177635669709489,-3.75674043627788,0.307219903697006,-0.758661091954706,-2.6666101741787,-0.296185674189719,-0.26420094628387,-0.302088190637271,-3.64746839849224,0.0676361202652761,0.305526671692539,0.331467829052293,-0.247444989086187,-0.121728560375164,-0.467379111391462,-2.13807950249503,-0.301776816998974,0.346620797648611,-7.24298378448146,-0.124300823959725,-0.338553010630888,-0.252773621460116,-0.73002892826542,0.322572578162256,-3.38928241109773
21-Aug-2024,-0.0485747729848594,1.65481664943593,0.182454057000883,-0.178031024412567,4.45200910899721,-0.209595921264882,-0.989600295713825,0.434468460401089,0.797093113038017,0.195191260623995,12.2027568143038,0.306278953054573,0.420303694726041,-0.0190238069929131,0.428446703891932,0.790517950711325,0.310959337238781,1.09749763615723,-0.586571604009548,-0.798731087794867,0.789829660252763,-0.585181320045545,7.11018923854965,0.832182333749206,0.977524890464247,3.08474847650499,0.448818291815223,3.23353806429365,3.78324556718891,-0.586711431761504,0.348900516353684,0.976671354694504,-0.445319708584622,-0.639147647068314
22-Aug-2024,-0.829401778491836,0.564335583495477,-1.41355921200134,-2.38020612802904,-3.85556577187947,0.31877617048727,-0.999491346561369,0.281738719260412,-1.00607960498394,0.0531679232728646,-6.39877086752837,-0.122399036088862,-0.0492347277603689,0.211775325880586,-2.00690670520413,-0.262812240626947,-0.542585275985235,-1.98241879652081,-0.21105672322605,-1.24375939740923,0.568288637941695,0.588771855394734,-4.46580438360695,-0.908179804158091,-3.77463142324318,-0.988006390332505,-0.864907657731672,-3.70412716803491,-3.65894474322919,0.646041009295366,-0.945243648773972,-5.81363420019499,0.112379959786717,0.769974930130308
23-Aug-2024,1.02355946017178,1.72947127974704,1.30716813881526,3.47892354267355,6.33156803389764,1.29197261703407,1.73409787894794,1.28858097963011,1.65978914090378,0.0531396700131987,0.483411180893964,0.610502506680288,0.68160697250002,1.59153125587638,1.50196200179832,0.262812240626941,0.213827593945537,5.70336822354713,-0.683880251278473,1.10498361865849,1.09042981949894,-0.363296683885156,10.3044668893762,0.933289659908347,4.4493925826968,5.70558651513327,0.416089365916472,3.70412716803491,5.43940720657988,0.422762107634182,1.31088207449138,4.48355755719489,0.995512120184735,1.37634719741575
26-Aug-2024,0.149773165744823,-1.00056421173211,-0.616250157934747,1.05190310745186,-3.56320795919209,1.92040041115867,-0.0851426190217513,0.594355390084792,0.239767198269721,0.0885034131581531,-4.89655412305619,-0.182759721902398,-0.341002873544358,1.03435233433951,-1.00716092385924,0.523561405394494,0.576830813601652,0.913287698982296,-0.154519732006619,0.325517196230272,0.292024299514962,0.55520261922579,-0.697989410941705,1.22272265695603,-2.27504632993435,-2.00689847572816,0.0691802172177472,-2.29895182246988,-1.66077363996606,0.151757891025798,-0.24760890463834,-3.28034394734311,0.447237097935241,2.11805646849868
27-Aug-2024,0.37345444427833,-3.00561325936956,0.0458919100618383,0.487126920115855,-2.8338958318466,-1.00005258431022,-2.13506732829073,-1.0492565377828,-1.62100462703085,-0.870729623913355,-3.41873612331931,0.182759721902386,0.226035138915159,-0.919635179549605,0.390577192112781,-0.523561405394505,-0.987069505417985,0.951758107409658,-0.275292672140503,-0.894698266615281,-1.01356344554233,0.413050090611392,-4.46232114366296,-1.28550912225716,1.44452189911238,-4.05575157431352,-0.346380671918801,-3.79192348622937,-5.65956676236343,0.663338424604003,0.187759722785641,-1.89390633113565,0.0374633884907659,-0.955650217701397
28-Aug-2024,-0.677640540799009,-0.983519643360633,0.779992376506854,-0.312880491641371,-4.17048854144604,-0.249354479545091,-0.38360988628933,-0.648577115658986,-0.17400387198734,0.213941960725899,-4.33263187675114,0,0.426886731767329,-0.694312526271503,-1.26937276620864,0,0.712380572785115,-2.95286438313066,2.19489419274028,-1.11746651794615,0.593509864707385,0.635013117589324,-3.55542035853963,-0.251540819336724,-2.11894029224292,-1.89904631790706,-0.243182332801662,-6.48606342020409,-3.34651562945468,1.12346706568088,-0.654689760218387,-1.66766926383778,0.202399953438422,-0.990614420194835
29-Aug-2024,1.44650545287762,0.348230183587471,0.460258193270361,-0.31386250699997,-1.01459335783484,1.96015458269079,-0.472814119594601,0.967903405280618,-0.593888208428231,-0.0534425950192051,-1.30197132083034,0.303859243214901,0.972603068299415,1.19034726832273,-0.618708745621115,0.523561405394494,0.256989817542414,-2.42224077145412,0.400357154945056,-0.659214413243587,0.188938041882536,0.507592858721243,-0.82063766521879,0.777725947183534,-6.59778708638372,-0.169403220079363,-0.104402306333604,0,0.522194398115162,1.19279166828073,-0.182956915435453,0.25726296255791,0.513512580742505,1.37227808691948
30-Aug-2024,-0.344384481260529,-0.756037331925349,0.848329496437839,-0.490197060020678,-2.64787830065667,-0.508416242420806,0.472814119594612,0.358872308507585,1.46089554688254,-0.392787507320666,-1.72856362870256,0.604962522582322,0.634078856085159,0.253052328707009,1.04435646831287,0.520834510713826,0.846043647053853,1.89585450535606,0.512400859883879,0.984138832391661,0.987617467358818,0.22027410994736,-1.72162162611312,0.597983593293455,1.50239152716226,-0.851347643688683,1.00468539532894,-3.14161962333789,-1.97245053477785,0.854949636206828,0.843633205962442,3.72554324683276,-0.231855710286517,-0.160969238807043
03-Sep-2024,-2.7582154477457,-2.24330540649531,-0.9994965345363,-2.92043547109822,-8.07837835404242,-3.52388455382982,0.244285586496863,-2.2488217425084,-3.08579883599053,1.47387911774224,-7.56081106056708,-0.302023787421614,-3.55669029731492,-2.61548317722517,-4.29973251557738,0,1.60184499324884,-6.65078836685286,-1.49427294043297,-3.75426018329194,0.78073785566568,-0.155022403592694,-9.01736935663984,-0.723014867396165,-10.0096685982727,-2.04644707318721,-2.47787934841207,-7.16559889064351,-10.4917939859498,-1.92368720099603,-2.2663802400985,-1.65293019512107,1.42657691521071,-2.11652646085936
04-Sep-2024,-0.865611103424714,1.1279430952833,0.0393254183393748,3.02568017472606,-3.55686659448539,-1.18127833040055,3.29134954504609,-1.8066267537149,-1.11012778389022,1.33078482967238,-6.2770174080829,-0.181653092639789,0.759355768528161,-1.40063292856724,-0.401716471548017,0.776200533548911,1.09084182388932,1.24260018987694,-0.193459764717946,-0.579970396591259,0.119574329684353,1.32401233611616,-2.5216996451365,1.42850699458715,-1.67129607907716,0.0671050890837358,0.317516583568781,-0.573067470898498,1.02715503218297,0.0991325979572671,-0.202282385618506,4.09815259539834,0.914493512177507,-1.22861302353716
05-Sep-2024,0.690389223256762,0,-1.91761601271202,-0.105244703627834,-2.18019288201301,-1.02773924380942,-2.09601266197212,-0.805658068056594,0.896223959015269,-0.261255917997576,2.4434025337282,-1.28089582925811,-1.01046219528897,-0.702193776147317,0.130206429995521,-0.258064659349163,-0.179556287820793,-0.297563916791952,0.993855790622263,0.503683043876855,-1.42623148732051,-1.08277468819974,-7.24550792154224,-0.929317139807809,0.93712615347002,-3.41167017089573,0.421793243970086,-1.73917427118692,-2.36347781339967,-1.22119897712119,-0.294961295376045,4.78760406817441,-1.44875707396149,-0.783351275054258
06-Sep-2024,-0.703974026411221,-4.52839215343645,-1.17845437484675,-2.92043547109822,-8.0486346037263,-1.33978675288595,-0.552582998205563,-1.69598683892947,-1.90962387317067,-0.401922777845231,-1.7391742711869,-0.492308686636901,-1.63050563328843,-1.20712895702783,-2.65002164989598,-1.03897038491358,-0.214178706847498,-2.8862918516807,-1.52866196372275,-4.102340545755,-0.370404528299917,-0.34530786059897,-3.45495590756717,-0.436654676704879,-4.17123886270491,-4.97345955669735,0.175223454680287,-6.02591915181967,-4.74457767834387,-1.00807305283568,-1.5463160053365,-8.82404731264812,0.233149212015252,-0.469422056811793
09-Sep-2024,0.0407488743102535,0.0617474548794527,1.65824861506066,-1.41949608235732,5.09369363627544,-0.396938428749897,-2.24138257171576,1.24795422942902,0.181719112335454,0.454228593700822,5.35130511258633,0.737557123478905,2.12882549702878,0.590732011689241,1.13482613581339,1.03897038491359,0.479124804314076,-1.58936704746766,2.95475276002355,-1.47517943955174,1.34749312206236,1.73902213140942,8.93770632077806,1.50154834556827,3.47861160854156,6.98678897723282,2.93276150945201,6.02591915181967,6.52240228047225,2.27054829256461,1.075446289786,2.59499338754755,-0.466843280156317,2.08221886947577
10-Sep-2024,-0.362795736008087,1.47061473896955,0.919300969154193,2.9971551943179,2.17545499906379,-1.52674721307884,0.828855816514623,-1.48640226321495,0.145137906464699,0.590895010909553,3.21816699790195,0.366748577336465,-0.413955076086983,-1.79271539564899,1.01344556918439,0.515465058866442,-0.196505680730552,1.38306764837218,0.278164296187677,-0.0336281403444814,0.461092466375042,-0.762565065797807,8.64412190404366,1.3579020808669,1.51934693186477,0.349727874581527,1.11581884661053,9.47784063272893,6.1229086236204,-0.712336317840338,0.306625611945162,4.47593018071232,0.826402497207246,-3.71118176652865
11-Sep-2024,1.15185229065485,8.2846185820319,0.318708439326074,3.35813296523441,-0.830143229351924,-1.38454068220531,-1.46840320870108,-0.25352228276012,2.68304414772695,-0.835223230186426,-11.0562787682896,-0.122100137269476,-0.0174451132180212,-0.575721596481664,2.89888545169628,0.256739550524573,-0.626262073441631,14.1376821307681,-0.933577105648208,1.66770591841408,-1.54127072694905,-0.918234955444442,-0.945484509451825,1.36368492309592,7.83476833735651,-0.53697790801533,-0.269360432222296,3.14161962333789,-2.0935865853589,-0.868263928567332,1.08922185697577,0.862871301306342,-1.56129620459837,-0.9975597369801
12-Sep-2024,0.0493904776221471,1.44527251664804,0.0242409552123261,3.38212824296532,3.5874363125937,0.321215052068433,2.49925011123214,0.959984275181128,0.281988202367137,-0.08740495268451,-3.66341331797805,0.304971264123855,1.28906859216353,0.835419613057863,1.05536795437041,0.256082086167365,-0.198130744919903,-1.63521161818911,0.359844455866479,2.30842357672853,-0.109269724949808,0.230790338780203,0.0633111765370558,0.035951824942316,1.88948641818139,0.942891261753468,-1.70014295693287,0,-0.849863472146258,0.701874539097787,0.718939475853213,0.733723866403124,-0.22577396555005,1.36684635345355
13-Sep-2024,-0.121274747048768,2.29142595228758,0.72150167330422,-0.233061533828236,0.0981775865814617,0.581396986541982,0.779157261830719,1.00065162022487,2.60567112743609,1.69936463310981,11.1127437044647,0.243309122464165,0.898957431968056,0.42004686512173,0.545976643684038,1.27066512691149,1.14884665490172,-3.08153659156079,1.36425060049305,1.77483435077476,0.533076135154829,0.288179573526484,2.00507970455612,1.4157633415738,-0.033579583928698,3.86063967038546,0.376519356333707,1.02565001671891,2.38943201994361,-0.819334071018426,0.507227044575997,0.208650369111014,0.997691621126711,-0.0719489193732324
16-Sep-2024,-2.81683087516957,2.50345963626289,0.841687735466776,1.2257897395502,-0.955175957261697,1.96131615889058,0.670393572219013,1.04705590472594,0.58129758489022,0.634161007786575,-3.91539374195579,0.545290657414813,0.422976391896378,1.24408148886641,-0.644500067596714,0.75472056353829,0.331901074860203,1.9563489118173,0.898185184188602,0.380325002050802,0.884189694705352,0.526763728659692,-1.56302025401646,-0.0118140469155079,-1.96716535058628,-4.51769005966641,2.69648962966433,0.508906950747123,-3.39015516756813,0.0671366255495848,0.00401533859398054,-1.5358999716231,-0.875404843429704,1.39375078437815
17-Sep-2024,0.217035018582544,1.20262887372226,-0.736464125607824,-0.594453533890992,0.586511945239806,2.56280393459585,-0.929438704557276,0.924700109113687,0.102232075695517,-0.308008457056454,-6.82491005341068,-0.971470906733358,-0.288091490775039,1.40350267120961,0.0774646754686708,0,-0.827543860165917,2.81875451612811,-1.2103517073013,0.794005053661422,0.0478955885345759,-1.03691506551333,0,0.38912849054606,-1.02423755492156,3.61394661230403,-0.801339847378059,5.91305232268225,1.99153097009415,-0.395074695354854,-0.0200783054584787,0.479490636032072,-1.91591842838432,1.2958002282126
18-Sep-2024,1.78298588196438,0.103896113241926,0.0360511930840942,0,0.116890720498196,0.304273896641121,1.01506247894681,0.382782246970908,-0.204568772329321,-1.62408545530196,-3.27485184302629,-0.122100137269476,0.0946041651622522,0.234756393721371,-0.36932725502117,-0.754720563538297,-0.730840276342234,0.759670728226268,-0.484965402930926,0.307085128357394,-0.552189146908352,-0.268432832266946,-3.39667385992075,-0.815366407946169,-1.93926412766686,-0.18041960642069,-0.268546653501833,0.477327875265781,0.981087056425924,-0.582845760296218,-0.275479498185016,-0.294460405701821,0.464350356635624,0.349711844431845
19-Sep-2024,3.63951549101792,-1.88684843043829,0.906011848826444,-0.0994200578992182,3.38523620743533,1.7612354696756,-0.0342407125413628,0.712929131427238,-0.788080145223712,0.121855703127885,-6.07046506268493,0.426699824499026,0.994005292251155,1.23197567940932,2.95184339942393,-0.76045993852193,-0.640639365348612,-0.564012609483389,0.774163409216648,1.44745499625435,-0.803702546536582,-0.0548347453753566,0.714520740464424,-2.38949953183667,3.89255162089709,4.6007985528876,-0.302979528185267,-1.92313619278876,0.694929829320594,0.658619285285665,1.72278662271531,7.1009615833003,-0.618458938428608,1.23169221259329
20-Sep-2024,-0.293171934227246,0,0.42475521660063,0.69387359179021,1.09361773315561,-0.617005859066562,-1.53570441085186,0.47476608942501,1.80676467592302,0.779832389770875,-8.14609464589806,-0.426699824499029,0.440514417295763,-0.261750076547458,-0.319171322677031,2.76052660918889,1.06259908723219,-0.104025807778847,0.699806649280434,0.890313804651883,-0.401240735283281,1.18548569784882,0.580834159574696,0.569525925972066,-1.59921311321134,0.895915090611077,-0.812462153649452,-6.0018009726253,-0.41637811717795,-0.565473929467845,-0.36086090512777,-2.35197601456877,-0.359353551013031,-0.631298849344352
23-Sep-2024,-0.760995160833204,2.19789067187754,-0.526012000521648,2.14991994026313,0.076400932281467,-0.163964328954689,0.10427529620555,1.26868900368035,1.07527917762619,-0.120908556054373,-10.9057377539153,-0.244648440066982,1.17016688977856,1.3287573840179,-0.115709469098767,0.985229644301164,0.804523339764341,3.71048530365002,0.39677429443745,-1.06933172338266,-0.574257794130784,1.49079060598294,3.35368348099198,2.45865111691021,0.223887116683988,0.718402792461283,-0.374596045049046,3.04592074847087,1.92843441656047,1.77842116896083,0.202401100945074,4.8140375327935,-0.276904766757556,1.79689312218052
24-Sep-2024,0.396616067240429,-1.09290705321903,-1.40731172049667,1.88353533210372,0.854056083357346,-0.713635233564767,0.881977182882246,-0.0610190194870929,0.133600554274213,-1.46242160634631,5.13344458041937,-0.245248436842004,-0.349015366799674,-0.35306078303618,0.681635995225295,-0.738010729762253,-1.14022410693344,-1.84212006474732,-1.11627244361741,0.271487795553713,-0.269938814220141,-0.324378702912593,2.09367253525783,-0.62681300370537,3.88865255981611,1.12600327550524,0.646150862297321,3.92207131532813,2.69195259132422,-0.191419475035879,0.326548673761884,1.69357767062023,0.309942786863498,-0.264493989780656
25-Sep-2024,-0.4407817777013,2.1739986636406,-5.61208481883579,0.7875296647919,-2.71595392534137,-2.96331783431598,0.959568706185534,-2.38841907230213,1.68794343485988,0.35014041374382,9.96365811056849,-0.9250759772151,-0.161753167509899,-1.93083976457321,0.417984194900167,0.492611833605578,0.198113678648761,-1.23755305415525,-0.982922353831885,-0.494163708681487,-1.34827943862341,-0.119318343353526,-1.65902422601968,0.390741128253063,2.16065365785574,-0.894860557601403,-1.95111443577304,-6.45385211375712,-1.20241929668017,0.713873704858053,-0.114665308518707,1.07572083105463,0.194528936723804,-1.96710682443428
26-Sep-2024,0.506731789984155,0.56165580377323,1.97487271505736,0.812504469852208,7.40951467354528,-3.28812548535865,0.628986349068126,-1.38483119519974,-1.48787667923017,-0.157411488559298,-1.06724598907719,0.309310484774101,-0.619229023692087,-1.94229247892138,0.736006621430285,-0.739830748144492,-0.898960155396627,5.60684052465178,-0.398552455558191,0.764916443154725,0.490699453506978,-0.0934789826929797,8.20424226664426,-1.3803170128515,0.428196978232509,2.34266874038901,0.138169279321519,5.48766102258343,4.33993155345554,-0.480889741921741,0.434242634082948,-1.09538690124721,-0.260615895650834,-1.73137866286185
27-Sep-2024,0.118600527837585,2.16578598819269,1.11255958494218,2.33784870731984,6.09090057104555,2.32827017107958,3.93771281225128,2.4350723141031,1.58628574080501,0.0524980325295344,5.36153459801647,0,0.529988337994132,2.03684865438612,-0.706731831336789,0.985229644301164,0.69222392877958,0.0351968091860159,-0.119876142356524,0.746911761813424,0.00619597881173874,0.855354597629039,-1.32147858130463,1.28573199752374,-2.15132156068503,1.35597322816796,0.413366072585138,10.146946016486,0.896866998276054,0.0581612745405401,-0.0315177782575619,2.42492646730342,1.21731311449465,2.64209227336851
30-Sep-2024,2.26143016724486,-0.0498380274457327,-0.142662224915635,-0.701757265864665,-7.07387413790044,0.53333459753626,2.4144098929361,1.21602810107736,0.588429288568956,1.096139726802,8.57110969635923,0.554359288485045,0.741259042838157,0.689333123642531,0.630770417298529,0.488998529419177,-0.57941096935986,-2.49819995222695,0.687333571087904,1.15222621024042,0.408088119673081,0.377061427783709,-6.38832510079323,-0.011829419780763,0.0329435021921814,-3.01757417456994,-0.516975130377244,-0.881062968215492,-5.50597771830274,0.637551321210158,0.516817326889627,0.448199336744681,0.485200646700603,1.20152492506395
01-Oct-2024,-2.95746821959564,0.893306188547535,-0.588301075760756,0.214100097077019,-7.67320725711649,3.81131617701273,-2.15407782270553,1.63656546875116,0.195376161139438,0.775665355874398,0.558487334352802,-0.492611833605589,1.12584707303525,2.06126243782977,-2.15395760810682,0.729043326267927,0.794751937194614,-3.58332562994499,1.03041090772224,0.685016499127965,-0.0432032100532577,3.57895087940944,-7.35390360488627,0.871619181312183,-3.72463788495637,-4.77160477483797,-0.937344130805932,-9.26588304827047,-4.69051494736607,2.63098050628368,-1.07989856451569,-1.38941906100135,-0.236305526150006,2.28557281953466
02-Oct-2024,0.251661317394952,-1.74437515533838,-0.18436064904673,-1.63256359627264,-0.327789537153584,0.901112000195085,1.13105099762405,0.831536472726516,-3.13919713852588,0.205831976615436,-2.18964018715686,-0.185356864932294,0.0140342676351225,1.07359741823789,0.396152055757284,0,0.395019835256124,-2.6185457401788,-0.462865003649145,-0.678987136128336,-0.507489639742002,-0.440011958331022,0.924709363279742,0.18746344095692,1.56882590084468,-1.1547025473577,-0.209497283325971,4.74022388945839,2.37275611609551,-0.281769698962501,0.00792487221557039,-3.55038867727239,1.53285127169528,1.31706190438876
03-Oct-2024,-0.490662935987491,-3.89593094137194,-0.706206541371352,-1.84929263228363,-0.836467312620954,1.84941082248436,1.08661983199409,0.198544075810318,-2.00040574509549,-0.480935313804426,2.2515022367635,-0.994414658039211,-0.703375599580493,1.66431913465778,0.597694758596885,0,-0.79160626762923,0.28963305024334,-1.42828799562172,0,-0.416576596455608,0.433409555053846,1.69495583137732,-0.445800832165658,3.31019051609853,-0.572601362784717,-0.94820727994845,-4.74022388945839,2.45243898630844,-0.298736647828252,-0.101089195038864,-3.41480655142501,0.0742578468970121,0.868501977006837
04-Oct-2024,0.499481666977813,-1.15669007817953,0.684310671783271,0.97592463540818,4.67735925334457,1.86822493917823,2.61955218543043,-0.337759849562696,1.2253386805765,0.257931533248796,2.02027073175193,0.187207542974513,0.741685904386483,1.0036851334507,1.13467594528413,0,-1.48821335928315,-1.71156993220642,0.349842927653542,0.720897030470258,-0.13092679322809,-0.113960126293367,5.28757520479476,-1.42098305726529,1.67094334476899,2.72922677783531,0.843293823918697,4.27618593380817,5.49876730646493,0.997675022385209,0.723208969419486,3.83957176631501,-0.261835531152275,1.81889336053739
07-Oct-2024,-2.27885622477353,-1.27729251167348,-0.693760532404857,-2.40975515790605,-1.17118720946711,0.157026988559889,1.01664461584215,0.251772477793033,-2.43121031258924,-1.97717158728607,10.8446657709695,-0.562677320751487,-0.348985337077266,0.335747095686077,-0.95104858478077,-2.45110310143498,-3.40678567551729,-0.655455412293175,-1.12719648191952,-2.47255354356865,-0.475268232488343,0.067731093638064,-1.98148897870596,-4.33844080726251,2.21668354317034,1.52809413363364,2.14615367725148,4.54623740767574,3.87306371816986,0.112017934581005,-0.824400458128458,-3.76895762809239,-1.30070954302975,0.431655346497422
08-Oct-2024,1.82367723440196,-2.82473968427717,0.0724261206537075,-1.84620628397354,-0.730819330672453,-3.47676025381268,0.991239530565874,-1.5807178767515,-2.52733704523432,-0.491660340713228,17.0102931178814,0.500313739060808,0.0528661592126617,-2.59327308085415,1.90732055777175,0,0.398370830146975,-1.74849597938907,-0.131271161077916,0.855332682828032,0.100244353986957,0.413649350927684,-1.00566529529421,0.261210422792496,3.96813504968351,-1.05930863099816,-0.0685166179596502,-8.8224233414839,0,-1.24725012555962,0.98571619975228,1.51240185226841,-0.339873647112298,-2.69205052794648
09-Oct-2024,1.6560524302641,-2.56710525391658,1.47794406981757,-0.754720563538297,-0.430288119815248,0.15331201992889,0.10616517263179,0.603218987296891,-1.00036561284724,-0.759788088306905,-5.80762661301776,0.931394500888399,0.363315826503694,0.484611295500619,0.692373085545198,-0.747201483870095,0.58561363809959,0.181540486883893,0.601086448550775,-1.5449056652798,0.599364970909182,-0.48468557412712,-2.49453292962907,0.0993295338683407,-0.180763775966756,-2.8527575566937,3.40272006241078,-0.975617494536469,-4.25596144187959,0.363710241316767,0.629000672776203,-1.42109280632953,1.64396608285392,0.0409617832295211
10-Oct-2024,-0.218064546266269,-2.05604044441794,-0.435175222841445,-2.4001152099543,-1.63027400077572,0.798819488096954,1.32512103131726,0.646087437449765,-1.01047413375877,-1.59116613481566,15.9207668194119,-0.247524878854288,-0.998272241531932,0.677130004367038,0.0919552688965582,-0.501254182354429,1.60402654905727,-9.75511316847986,-0.887788727743673,0.135827643281739,-0.0871839636741234,-1.26727124218003,-1.36943776895596,0.445765968451841,1.6152299119224,-1.30583911186652,-2.85589710039118,-3.49162651062279,-1.02828669555839,-0.818182700233621,-0.173999789743094,-0.950363536576358,1.09007572690977,0.856344180229993
11-Oct-2024,-0.652666632720858,-0.0577200593225488,2.26078373442244,1.30720815673527,7.11293429069262,-1.23230702683583,-0.329637697350643,0.529732400195483,0.39819057137635,1.3069741140576,4.69721974196721,0.802225838914363,1.6412852759322,0.56681571119853,0.154217027790431,1.00000833345834,0.923936353997325,3.09726339888429,1.13857046183883,0.713147003723156,0.590118804174325,1.11180680229424,5.43090968437498,1.13023316165375,-0.0074181224765981,4.88278119369238,-0.615386557437822,7.33825459340241,8.3019786383221,0.802045859791946,0.54445001744518,-9.19235349870075,0.0585406665265017,0.380952841666765
14-Oct-2024,1.63455747747426,0.805064727716699,-1.14248451600572,0.762982636497103,10.7258022563984,-0.927448000861763,1.23799030590584,0.237467130060624,0.468553749640458,1.25498774846048,16.9515755282802,0.490497611231594,0.509863286285946,-0.214442660655574,1.21565111464272,1.23610968235739,0.802586529216387,-0.726067966055952,0.804927013510867,1.04815097310449,0.0866712120125447,1.10285552893816,5.4459917132381,1.27452110638703,2.39686044498542,4.75120367881431,-0.274725447513881,-1.90481949706945,3.84887156825874,0.571269204565529,0.945230559777426,0.622484617135484,1.22150340921447,0.379507096855153
15-Oct-2024,1.09643149345017,-0.286779663135846,0.144679959361802,-1.36418685215987,-0.00509307596432587,-3.96921862962695,-3.7147559737867,-2.70458206422501,0,1.18737207813012,-10.1472701818816,-1.16888442503131,-0.510355190895286,-3.10752048033475,-1.53331938129823,0.490197060020669,1.74846192326017,-3.87483537856882,-0.548110396080791,0.30264534933871,1.53518520090502,-0.965571254541958,-0.353982670512395,-0.14484009774127,-4.79937840368441,0.179340076761811,1.2303641195357,-0.966191091173686,0.342661671664751,0.312412638447012,-0.812981133679665,0.186903161103055,-8.4599655580217,-3.05223546392025
16-Oct-2024,-0.88912382656502,2.71971437405302,-1.07002505342844,9.24127321043779,6.95427864676619,-0.0475352958515914,0.0307644980122206,0.674629827098981,1.2151686339826,4.97733062548094,14.4282702250689,0.308928265463536,1.17545068105109,0.453871658867004,0.146234780786932,1.93710657559998,2.24576766233148,1.78611225161617,1.54032264671243,-0.181477274414742,0.109629099231277,1.28591148108303,6.6310000785953,1.91416300191606,3.08269210248125,1.53507237207609,0.778214044205495,0.484262447578799,3.47373862291104,0.947270764918521,0.548520084044498,0.798371217270832,2.66947380255718,0.257250878353468
17-Oct-2024,0.159506855968583,-3.6429754043259,-0.0933184091610172,-0.797305664951185,-3.02907310014722,0.937018828758476,-2.09814208468253,1.6470882140926,-2.19078612851906,-1.34676572111374,-4.44808445966899,-0.618813855870176,0.0932475877798804,0.447854891216384,0.201321972149593,-0.963862883776874,0.665670622494308,-1.10028250035885,1.09608013012524,-1.35940403030258,0.115589366481985,-0.525176060846878,-0.38791957761655,-0.725459565098635,0.887590642811305,-0.844634536150301,-1.35733335989361,-1.45987994211526,1.31292914417926,-0.373060717624492,-0.0947583250335669,-0.198996040521874,-0.933739870085885,-0.257250878353473
18-Oct-2024,1.22017996782283,1.26729806685964,0.102645462285346,2.2226520095178,7.54817307875357,-0.453215769632575,-5.37182602980189,-0.298062813813768,-0.985229644301159,0.300852642100036,-1.0760023113987,0.495357050066075,0.0339935323550031,-0.453166976210999,0.447556113782031,0.72376673002306,0.14916717773787,-1.3963387894922,0.0810753883329988,0.30029132416976,0.394429954002022,0.35859645608717,4.71760015294899,0.713609117730373,0.778383881306246,2.09255019730316,-0.170969438124106,9.35260580108235,6.92826845595494,0.135097568924442,0.365002674428402,-0.0860526786044482,0.630483579131936,-0.282909158573085
21-Oct-2024,0.627812361567791,-1.49945139225171,-1.54138390039216,4.7915116595647,-2.99148894285302,-0.64559229260895,-3.66254758082449,0.0861983277852444,-2.07491697356276,0.183409805478766,5.65196402634539,-1.18050454497625,0.421478663376273,-0.252649629758204,0.81068071450239,-0.481928643594888,-0.723044911907583,-2.16742355535441,-0.129752191552745,0.396959207022966,-1.3965770517069,0.456614351514252,-0.904502043135627,-0.415652875606566,4.05436949289509,-0.200601872686574,-0.997428733450969,5.64140892800912,-1.22450509601003,-0.0158843618791536,-0.119589552097047,-0.841774962578638,0.326007229528303,0.0583114681856491
22-Oct-2024,-0.262522909801287,-1.2277266167232,0.917668287692754,-1.59123855094732,-1.41365090945997,0.00952426306735155,-2.29535377261251,0.026507621096225,0.485528498161141,-0.0499875041651043,9.41477268980673,-0.187676001286013,-3.28743451022536,0.226084971223478,0.238159915440187,-0.241838086428164,-0.00834132710998679,2.59036236219441,-0.680706782682896,0.65004329624914,0.380042139409063,-6.31803164469209,1.38006436609244,-0.393490044469715,-0.0835363779870015,-0.58666601431976,-0.311580657129538,-6.53827592628517,1.83118036423377,-0.29431672201845,0.017368649631161,-0.402912499648311,-0.282127179327525,0.514994077827943
23-Oct-2024,-2.18601992731354,0.469484430420766,-1.50028028335286,0.0583090395529532,-5.7577233946085,-0.467758955111098,-0.123206915171996,-0.291971010333475,0.520253867612874,1.53811020383024,4.32499837938165,-0.502198167829641,0.292737703767345,-0.544800777397757,-1.80272840633777,0.963862883776879,0.573925468075693,-4.5664468351537,-0.520979569229367,-1.4394003090387,1.46369258528382,-1.02432781914791,-4.86056793427857,1.49415799981989,-2.84673999877122,-1.92705830308923,0.0693240928976486,-6.51393021709615,-1.52364552420901,1.32944903380026,-0.876042504702702,-2.00182765503873,-0.920235669848123,-0.356891278096061
24-Oct-2024,-0.0823705420166789,-0.587200747722244,0.250559131385164,-2.53850702961209,5.0146505271044,-0.134048277445195,-1.1691895810565,-0.0199381916720724,-2.93364400125587,-0.262941811313907,-2.7097339558172,-0.694666513089643,-1.10727709223691,-0.0347333550569114,0.283467773635037,-0.722024797348702,-1.29389509125135,1.86902081084217,-1.03357533448935,-0.0368663598645579,-1.32918535052653,-1.21378030487206,0.826678722767498,-2.56317304480199,0.607209780797742,2.7172305073634,-0.765221125327993,2.37540860081071,4.2090381179942,-1.61664508281874,0.266337628400802,19.8186920724142,-0.680619269651773,-0.566998934180908
25-Oct-2024,0.36365250690584,-0.117855051944425,0.4077960983449,-0.329390925158944,-1.98944272641143,0.18187914840062,0.657137610291053,0.23899632965394,-0.804756211365231,-1.97762988621277,10.8360303636938,-0.508260306346578,0.24399072049317,0.0948202826173157,0.710070967119248,-1.45987994211526,-1.53243484816171,1.23192351628205,0.414051834519146,1.55495678524852,-1.71934600533958,-0.340879158309339,-6.57833497682792,-1.68050715665687,0.801564852108776,-2.19634173715734,-0.6656181520105,0.93458624182376,-5.5485738612179,-0.00798945392507979,0.0349406013338101,3.28913671639004,0.666449946213251,-0.0836540119053594
28-Oct-2024,0.85626908148752,0.529257336576882,0.0599227330080566,-2.42877755317563,5.25361814570247,-1.25109898644635,1.52835649541941,-0.179193676620767,0.690186788865581,0.902261759963755,19.5499218258993,0.190900471592419,-0.654054868905178,-0.656231847816863,0.113903843666134,0.732604009207288,-0.128057387201395,3.25183546907882,0.461711789154152,0.873525841226725,0.446540062259845,-1.27433578884618,10.4539545694399,1.75293593819111,-0.723253525001229,3.50053241969935,1.43083927733849,4.10080237273772,9.11521696556611,0.215491523590198,0.290697879130931,-2.51282734339075,0.120375302197082,-0.494988216492635
29-Oct-2024,0.115614374751114,-3.15784356366938,-0.369569414744807,-4.84828973057455,1.63396328473596,-0.914492218091588,-1.95411552068354,-1.35092002975065,-1.77336952642564,-2.52666296020274,8.39979730017437,-0.254615032524521,-0.823140779522364,-1.34867550736158,1.28997181361392,-2.21411258772135,-2.28981361502224,-2.64903060961492,-0.716564890172934,1.75985516914249,-0.938798899699185,-1.51912683007471,0,-4.07616608751797,0.518154262892404,3.30727482740221,-1.39569606840184,-5.03538861456149,2.89334228550026,-2.1272254864162,-0.0309675423923633,-1.14554056171204,-0.551727984446455,-1.37185655583948
30-Oct-2024,-1.53958665586467,-0.607166406854968,-0.145675675760425,-0.582337459317649,-3.67217894449661,0.642963734740818,0.248579673456133,-0.316957476127907,7.70762800409101,-0.290424736466891,-25.2146790573011,-0.127551037701175,-0.152120454557359,0.149696552273535,-0.788442668953864,-0.249066131245192,-0.359003931835704,-1.09274194576296,-0.126011424022783,2.77811787486454,0.324290898480286,-0.157402525313986,-3.54685217319283,-0.592500945444556,-1.36143804245774,0.0665391357827729,0.210600288438879,-5.79872576503494,-3.65380222402219,-0.760273435207305,-0.395679085585336,-0.761989491545381,0.147543778821264,-0.504339232032546
31-Oct-2024,-1.83773071721892,0.425403254722526,1.45354140061155,-0.781762939105351,-16.6577627435504,6.175498473758,0.124058500625242,0.518746742151479,2.17283704131885,1.83086992472213,-12.4613706112932,-0.897441920733377,-1.95775967889848,0.593851737089622,-3.49671229756647,0.992563979997,1.10787542184258,-1.54092543333087,-3.29214526381082,-1.93888644611933,-0.468063387693291,0.020146704708275,-8.62159901908866,0.202096822606414,-4.8374002750199,-3.12758599213048,-0.774379089690318,-2.51902488285584,-12.5926793239303,-0.716494726696187,-2.0121403199421,-3.03531382213803,0.273180593142306,0.077097703737567
01-Nov-2024,-1.33685873162899,-11.4226601958161,-0.294035058101089,-1.98157078264645,2.00487205667708,-1.56411321915783,-1.15793580250011,2.81578111345007,-2.75066457898335,-0.911244915031482,-14.5323502593231,0.641850727278943,0.148337232869492,-0.725845197403832,0.525095520125311,-2.24728558520586,-2.27252596047493,5.23879233637039,0.472118564249856,0.105140196601447,0.16875531365122,-0.128275626898537,-4.01513786462345,-2.4266835738315,1.96903736264008,-1.85000730715971,-0.744816353303967,6.42195927342938,2.14140945038164,-1.86874546386358,0.223822303336798,-0.34881658365742,0.540608704939582,-1.5794571646201
04-Nov-2024,-0.404567665001411,3.47396322937242,-0.726269835960466,3.92463709551788,1.83670339984106,0.941400584205713,-2.10038501777947,0.586244513821169,2.11439520020048,-2.34982083586016,11.661889117101,-0.64185072727895,0.0865994820119762,1.87367640665233,-0.307075448855226,-1.27066512691148,-0.142095938651589,3.51889045881224,0.207981799855732,-1.20402006580268,-1.18731174599833,-0.413432533395232,-3.86001732636821,1.31006240456983,0.478910475108063,-2.30132288815222,-1.18175054775485,18.3118687166973,-4.9956097843301,-0.633581844908578,-0.196064902837378,-2.49697816914066,-1.73997796098861,3.13435488319937
05-Nov-2024,0.646524947663363,1.8217810281377,0.748195882625488,2.1260518388542,4.04547181922404,0.320998120358311,1.25467597362323,-0.364370238514536,2.03587235151538,1.66943039003149,-1.17165956632493,0.769727982556643,1.23676197540419,0.677914520944261,1.42106288689725,1.52287207018247,1.37689730443296,1.68628607486736,1.03346959642917,0.29500286896642,0.0694905110246738,0.669819451607765,4.66373108083308,0.356642843951369,2.7976893515939,2.35083144395052,0.825116788875824,0.397614837963942,7.81563999891254,0.827078729409477,1.11970890710253,3.48016022270789,1.64655213517482,0.294650211071512
06-Nov-2024,-0.327229823340568,-8.82430125812325,0.779937815238735,-7.49536381660652,27.0902043051272,3.96749217202808,10.7328220667699,2.77072331527445,-7.01600370216891,-2.62854490080806,5.78129497973393,0.191509793609961,3.15955448387577,3.53393664453089,2.51048035560354,-1.01266688179292,-0.395240073606809,-10.680777217523,3.9039182590816,3.91096774506567,-0.297252219000249,0.9230246585784,17.366349405084,-5.39400837708992,3.99324559776188,9.34662655219381,-2.27652107730124,-24.6225358773435,23.2369654687502,2.16993175485673,2.49737120928405,13.7594674187841,5.09855031663424,1.70032434448414
07-Nov-2024,2.11469452925442,-3.95024429762463,0.0372844497095245,4.7903460633039,0.498147689213345,-1.0883618470327,-7.65456104778626,-0.60415459289867,3.08281293613019,-0.773970442290304,-26.1335872420549,0.63573004954665,-0.666787572833285,-0.266858415576023,2.07310598096466,0.254129742867255,-2.26968934913189,1.37184788618757,-0.800707334308746,2.37373290466865,-0.731067112866959,0.00362430458695249,-0.051773234394893,0.134102205962409,2.22087976111821,1.46099443792026,0.364830758547538,3.49162651062279,1.13637586503152,-1.24965419831204,0.725821160433348,2.86299958995567,1.45742676530582,0.123890166579361
08-Nov-2024,-0.228853193800293,-0.366972888896251,1.04143465094912,1.0269666637456,5.7623478577083,-0.723249726198082,-2.71751026699632,0.102008297018968,0.43274499555777,2.02768702039728,14.1848103107282,0.694666513089647,3.66849712832691,0.485714691379296,-0.395317397468646,1.76105180086354,1.91704858873495,-1.41824561868638,1.12760549410844,-1.33669492339736,-0.807179270432733,2.27885175040438,-0.311203570662976,3.10071677532142,-0.843146878799878,1.24657512019432,-2.73180516713801,0.975617494536466,3.33364202675917,2.84877451094126,0.407270810435206,7.86971840580418,1.69664911968218,-0.0330223729575613
11-Nov-2024,-1.21014797151567,2.10993640242462,-1.07250406025889,-2.35837129597903,18.0325031562413,0.411376004932617,0.484958292168878,-0.274383607042148,0.609867361119716,0.621012863498692,4.59358160785129,-0.504732932724402,0.91503230547824,0.632114967504978,-0.590051504159263,0.249066131245183,-0.682354546189259,-0.0515782969965629,1.42451637263986,1.11514955446474,-0.276963881919337,1.0606720648836,26.1764684155734,-1.38673075175493,-1.61839033679744,12.6593765958868,-1.81273845925567,-3.45713440650887,15.5822082522894,0.814159509112384,0.134130580151865,8.58069078487082,1.52130953605315,-0.529846425419782
12-Nov-2024,0,-3.21900507184044,-7.40529961698471,-2.5158559636155,-1.58854390393899,-1.26635128904332,-3.24136169443678,-0.776167339911023,-4.64859539491767,-1.94484337962259,-9.21126633710474,-1.40129681516955,-1.15590577092692,-0.540108060496919,0.494186589932651,-1.00000833345833,-0.517073453029662,-6.15472471702032,-0.594288923981192,0.701718491213427,-1.56009404424798,-0.812998301365927,0.875801776343872,-2.19759792797427,2.06445758089555,1.30806460190602,-0.19073055562677,-4.10313966778626,-3.53537838730959,-0.959955744236962,-0.266548358614006,-6.34267584224474,-1.7066031330511,-0.0996595049680455
13-Nov-2024,0.396128258063975,1.25601946735182,0.866267828039784,0.334672333795054,-11.4092302078726,1.06087482419964,0.443214021933905,2.18473069554648,0.969433393857334,-0.792187929502637,-5.18634740095739,-0.321233813018373,0.405706973379807,0.601068958509962,-0.492302369481698,-0.251572459724725,-0.510776682862451,-0.0713521257528356,0.63250913656862,-1.5201402294948,0.392311213247192,-1.46484300175161,-15.0721502106553,-0.0269360270989043,-1.37155870879805,0.266735563349569,2.00346901488243,3.09303006913586,-13.1457420225393,0.307543136542634,-0.0738517507078906,0.531326679213125,-1.44200968230661,0.926315448309858
14-Nov-2024,1.36764826404547,2.75180288938923,-1.84480515177628,1.36056520557787,-2.08681005837395,0.978916778678945,1.49966234093116,1.92193610878288,1.50987953993436,-0.691676074931434,-6.94126919581305,-1.55645165411116,-3.23781252153643,0.246005703574356,-0.181773260045006,-0.505051578606859,-0.567594658640919,6.89965318693515,-7.12973977564463,-1.86204104686716,-0.898042809026967,-3.41779564490408,-4.28401586764924,1.39114067991791,0.334437058808426,-1.76372211476252,-2.65468755840857,0,-6.60656007634684,-3.98124033189027,-0.448065149384952,-5.94481399663265,-2.1218123497039,-0.751976439393945
15-Nov-2024,-1.42096738021134,-0.214515634638814,-4.25228849030264,-0.827408327843235,9.2456645070376,-0.532766310778765,-3.50978027303991,-0.235134072816522,0.728335339110809,2.53044603244682,4.03031493097869,-2.11368503093164,-0.768223694445355,-0.399749261700279,-2.54736706724816,1.50756624054474,1.33724227384068,-2.43275567551909,-1.52653676783985,-1.77555157215252,1.39277106714504,-0.774807846998957,1.33781259461763,1.41135363875172,-3.31123968758415,3.6727228521278,-4.80218199134227,-5.20951118834018,4.21027928348172,-0.328490503848787,-1.21566333279728,3.0196945447435,-0.155224516142609,-1.04224064305311
18-Nov-2024,1.33329422011536,-1.66008864746672,-1.7248858396891,-0.133022966073726,6.19911400316619,1.27390257774299,5.23737407639427,-0.409709431522594,0.036277889024771,0.138720327429997,15.4048996975984,-0.0667779657536439,0.114010178827559,1.14547051817915,0.396310937097417,0.745345065458097,1.21396200854482,2.64775447858319,-0.693394649104088,1.61595281506513,0.498754151103919,-0.726225055353559,-15.1938289544318,0.0523765888627018,-1.29729250004424,1.54508015024807,0.241643291162858,6.21962078699058,-1.71223098663755,0.722935226588789,0.42093185980497,5.46643831287235,-0.436593240970717,0.834659715772421
19-Nov-2024,0.113960126293357,0.0727537318376928,0.425981922458418,2.27020771292331,-0.258469635264418,-0.590700417169518,-0.50080591167065,-0.724188456529197,0.758811229049238,-0.208152720429397,-9.29639410876652,-0.334560365592216,0.496884912853112,-0.59891366192839,1.33518447595197,0.739830748144493,0.0352236706706271,-4.28353378610376,-1.77795003731009,1.59586885263128,-1.15022225322329,0.432242126810165,9.27957203452464,0.89920459928973,4.77873340650775,-0.25549987916201,0.960776005517316,-3.58094526967109,0.900538218479916,-0.360814320539736,0.442084830811806,2.1205923594749,-2.16868740278794,-1.40623393724213
20-Nov-2024,0.314905788573238,-3.47796800642925,2.78979735455227,1.93304988174249,-1.41489840620906,0.300194468771559,1.88282649075676,1.07812716623443,0.502694056797401,0.363983415975059,0.767053952681172,1.19921490452638,0.412219176330933,1.01665508194514,-0.218215425121962,0,0.1407707429367,-1.35413138473417,-0.324415179091036,-1.2087128236087,0.071869592456839,0.275283650281048,13.0568801028419,-0.259807888412867,-0.764769859207076,1.97707441161487,-0.639490588584776,0,-0.982808893626254,0.159590139285156,-0.0649462306261518,-1.15403225439863,3.99203750119388,1.41454545285178
21-Nov-2024,-0.209826969797781,-0.226159161605649,0.702704658718467,1.36272113535501,-8.05975317264972,-1.35802912530717,0.473976135293437,0.185781574366471,1.52837522795893,0.981328353736797,1.28735892453334,0.791560861266122,0.853962203487635,0.974195466261066,0.0810986639705586,1.70527883827195,0.979885355749688,-1.57586619438969,-0.0428586741800979,-4.86111825742282,1.54891143022849,1.35225048453638,6.62493855412007,0.622408648300188,0.533225217485976,5.30464224065923,0.758941130361029,-1.57483569681392,-3.26252273160766,1.15154810555011,0.489874698977365,-0.701221938257535,-0.502509425610123,1.32922493706439
22-Nov-2024,0.589019788006382,-1.59759959337244,1.5844829548039,-3.45855796497799,3.13760380239965,-0.134138182420134,1.58112928160084,0.450631954897969,0,-0.394816408496972,0.914142833378715,0.19691506198809,1.04625763669195,0.337873699355623,-0.260394261111343,-0.727275932907981,-0.139397130082546,2.22835307344628,0.6693513081318,-1.72693000753065,-0.212444152389627,0.0387371687973937,7.37238738198274,-1.77365108587078,-3.27102823396837,1.21614321317984,2.04812200612777,1.57483569681391,4.57079977258813,0.198922568703166,0.379571919539733,3.7334587402569,-1.11415202129951,-0.114885947315431
25-Nov-2024,1.29664262088186,0.916036939866442,-0.180109813696713,4.39841450734187,2.45773159255201,-5.18821878737408,3.50615979779064,-1.23948041963908,1.22700925918142,0.66855481723996,-0.0650195081423601,0.913844479736725,-1.05661947735786,-2.01179878800059,-0.0538073093891461,0.243013485329189,0.261210422792496,3.57416564436027,-0.163363911607035,1.73886033443577,0.392346539641,-3.82149854348877,1.48715800877053,0.838579337627396,-4.26729491714874,-4.05598282622057,2.0070144925276,13.613217432458,-2.05177488973228,-1.77099274055112,0.245951387795326,-4.04308846435265,2.50033916102128,-1.50565385721826
26-Nov-2024,0.936044275956367,-4.50736746248767,-4.87544505214577,-0.656970922316107,-6.25461869098537,0.638859745210267,-1.79700863868019,1.34413123407783,3.15526860740774,1.00298333368168,-0.78354955239485,0.518471673418689,1.14166141604822,-0.198118569954573,0.75972912170579,1.68475705726114,1.75836283486189,-0.259645988939155,0.237854452979583,0.873004920968989,-0.812121769372188,-0.0843445139809858,-5.64461948024975,1.10297621132536,0.659487991449177,-1.69828819218155,-1.54026918777808,-6.09087530869926,-7.66625782179301,1.6384216713379,0.463766761392496,-0.106379845143458,0.158334878289878,-1.68113566730856
27-Nov-2024,-0.0553203273752065,3.20715794102136,0.0214255107232949,2.54119655098997,5.85667208110033,0.569642479808489,1.59707521653196,-0.25874829616027,-0.405954549387862,0.976274375861017,-0.229696573509321,0.451468035452661,-0.564384835984024,-0.112483818615459,-1.05397562610602,-0.238948739738147,0.324149392417102,0.129907264495375,0.1027767531506,0.0650214298066899,0.567890013546641,0.82124220155873,7.51944004848454,1.32044736324015,-1.1606682857905,5.29119633860113,0.232558244347544,2.85733724440562,10.2042573323287,-0.224112980294579,-0.2995057572072,-1.59140323597386,0.261691929095552,-0.263124541744125
29-Nov-2024,1.01639802704588,0.384172581599871,0.994785622123869,-2.3530497410194,-4.86936995959719,0.880736235962776,-0.183624123041476,-0.111097406810241,-0.0339040518589371,-1.60408673742882,3.73995875993814,0.257069550310089,1.0499830510747,0.397549601971098,0.87035920855855,0,-0.315605669912009,3.42009650526964,0.600369086831932,-0.165592325969542,-0.251280696634425,0.693736434044218,1.84031693576412,0.190851893289088,2.12735095983648,1.43215708467389,1.4604410227566,5.03538861456148,2.23830287691329,1.23055605741104,0.549348561425881,3.61959725610749,0.298708554756027,0.254647451076546
02-Dec-2024,0.9477551441854,-0.230326397409292,-1.70066669057764,-0.313774967196725,2.07157424716794,-2.05154528300039,-1.29489743408032,0.172764897664386,-1.40005701618662,-2.42926925690445,2.77752290881424,-0.128452169235663,-1.43548060111822,-0.820811883068392,1.21648876803669,-1.93242728264028,-1.61050718583934,4.24927012887419,-2.70156495857159,1.49221427077568,-0.135566981157606,-1.7280734858198,-6.75091337581887,-2.05477885512494,0.274487314784055,0.768169119532851,-1.49916319168186,2.64332570681554,-4.44517625708339,-2.6195834943695,0.26980455548489,3.39797732077913,-0.275699268764142,-0.0932954564935411
03-Dec-2024,1.26909467079567,0.30698412442885,0.079076960376736,-0.409384920681142,2.272267767162,-0.0848296389057471,0.186015103945468,-0.178940596292256,-2.61293388228935,-1.1753490273696,3.53778390816509,-0.257400399517288,0.052888020545441,-0.0114300954537497,0.758753982795722,-0.980400009662086,-1.34605650925392,-0.197385905263181,0.353880411195055,-0.087506933215788,-1.58878195452234,-0.643956955662428,-1.97011888204789,-1.01722316877637,1.16893295584796,0.505608635847951,-1.01207559091624,-12.9811611521991,0.330033302865692,-0.489907221930452,-0.0261990756967829,-1.60057615181521,-0.542122851934452,-0.152853290630252
04-Dec-2024,0.148251890596657,2.87028767664437,-0.021560242995591,-2.52449897991297,6.74637680867003,-2.42424546150326,-1.94479005587331,-2.24840848047904,0.14109349783349,-0.548528315104843,4.64389882070642,0.0644122405523007,1.16543030318961,-2.38940492002145,1.84329816674992,0,-0.31729270405775,-2.90428156804347,0.0864740271512203,1.75295917935045,-1.24824128396166,0.0966650631094974,3.24945402803884,-0.723544562848934,3.42009507412264,2.22794122899126,-1.29948668563676,5.30244683082204,6.45900025141944,0.952267761472399,0.593407104348353,1.83553472260727,0.914465016368638,-2.92325191132653
05-Dec-2024,0.0123444090270862,-1.04791378099923,-1.42241671468774,-1.106421960538,-3.18364288143398,0.894451743526915,-2.07126019210468,0.635922180810729,0.877352530754489,0.971138558455299,-4.40650998519018,-1.16581631273895,-1.64648329717505,0.309111227361486,-0.38239400700888,0.24600258408624,0.642353390021877,-1.82232827675245,-0.908094010088862,-0.997097681957798,-0.633356562347922,-0.00386480898228818,-4.61165457887902,0.605504021895202,-0.0551343914724411,-1.42695171527154,1.84572292482076,13.9966044835302,-4.9871830040173,-0.597267811267618,-0.18995480319273,3.17862398667533,-5.35025384801414,0.436567531764419
06-Dec-2024,-0.0823248585229341,-1.82237389564514,-0.639961226748647,-2.71990232663107,6.94357343844625,-1.1750111110347,-2.80000458730121,-2.60052166017119,-1.33663615032636,-1.52269230968636,2.92076836951365,-0.391645409223527,-0.392224553698012,-1.68040412127358,0.466516048004272,-1.2361096823574,-1.68948337675142,-1.90763716071153,-1.22499017887243,1.19189549765289,-0.140548160873492,-0.863655405662921,6.40593825690987,-1.26784582597711,-1.82265915256894,4.02469567095867,0.116663439247868,-2.89875368732524,4.98718300401729,-0.448184759353666,-0.0540727011301263,5.20210600304471,-5.20235324112002,-1.05978657766616
09-Dec-2024,1.59728880513576,4.12816589733038,1.83571429584962,0.0672268932882235,-10.1288084096341,-0.0581451707437089,1.40088497857396,1.17829232091034,1.26673052007656,-0.82408205527907,1.71237060785916,0.196014437147438,-1.90683838452623,-0.215188703124483,-0.572242382152663,-1.25158079318306,-0.214324068467225,2.94803053225081,-0.823840483491259,0.377057119484805,0.194038400180425,-0.59039896237946,-10.2715511281848,-0.720291229405788,-2.5814766822559,-5.63706849132407,1.42776880349949,11.4977984728775,-14.4289551061478,-1.20221424944241,-0.502969320978669,0.146339610973563,1.98161838077471,-0.591691574793853
10-Dec-2024,0.41252181771443,0.293685967330971,-0.679463382425119,-1.83118036423377,-2.64315318529564,-0.778516972155599,-1.65441644360697,-0.0509424361500843,-1.55041865359653,-1.04883420780115,-3.39600979711814,-0.457966125902461,0.390205950983074,-0.589847091135831,-0.591609854294582,-0.758537138925661,-0.672738779752455,1.44944461504525,0.318518787810542,5.43762943685232,-0.247632559700033,0.572854589691997,-4.45851810380537,-0.752489441618548,-2.73129290143452,-0.115889662453297,-2.05155250255525,-6.17957192684657,-0.986112876578018,0.879633324554159,-0.153825981896058,2.83283567770057,0.811864364608924,-0.203927897954179
11-Dec-2024,-0.517947178221055,-0.367242425226369,-0.852215806789486,2.26705699732931,3.69709275381383,-0.166218566747035,-6.34390955068664,-0.504454950539062,-1.21473447945448,-1.35433988120531,5.88321359866168,-1.18734904150165,-0.368393396722211,0.233703913351247,1.99102364427932,-0.764334931256801,-1.37745721206164,-0.950690463941342,-1.86621323249253,5.3774417558958,-1.7508136411927,-1.71065340613428,1.99659410179037,-0.216041131827824,3.09085031454608,4.77030044844644,-1.33860266501289,-0.399202126953734,5.86088129538969,-0.571308311542082,0.720187929079388,5.76113566252287,-5.76466562135736,-0.667886181884881
12-Dec-2024,0.594601812519399,-0.516415754823437,0.237456045233797,-1.11018802158455,-0.271232037620897,-1.26047951476803,-4.30301235856007,-0.964885911194015,-1.74043551994933,-0.814065550244762,-0.0828386075260377,-0.866383293373282,-1.2222741746174,-0.692071915976157,-0.589255962006783,0,-0.393143363516314,-2.35589270964745,-0.904504056749573,-1.77617226186376,-0.27314958256095,-1.53077468040657,-3.01004185926845,-1.03261787122179,-1.42420625256032,-0.34725841801817,0.553361095822424,-4.08219945202552,4.64813959040677,-0.763985002707839,-0.586983402943719,-1.58272076024697,-3.38737605858261,-0.0893894758726539
13-Dec-2024,0.0685359538206058,-1.26536857685595,-1.26314376825568,0.640703591163784,-0.763386970540939,0.108948656346903,-0.424457433627291,-0.544430666169048,-0.219699832054205,0.389358051913224,1.071586019939,-0.0669568153572239,0.651645345166954,-0.656557187520598,0.22853373601506,0,-0.311955478235845,1.69200228362048,0.0266083817971948,-1.12107622876987,0.259509808960055,-0.389415663155755,0.662107914293596,0.544812025878503,-2.27558698035563,0.795966333357318,0.824342253950607,1.24225199985573,5.21445135062552,1.45426001760811,-0.39450006077726,4.24489888309848,0.910992172267674,-0.880271560372146
16-Dec-2024,1.16594866127978,-1.50946262224849,-1.53413792295989,-0.843886864586459,1.51147647332331,-1.44576026399136,-5.77424111391713,-2.97485908358195,-1.88719754430003,-0.948226868670821,5.0883262262623,-1.07745150078106,0.849759805561093,-2.20598679890092,1.28368504193084,-0.770222036209235,-1.27625888427971,-4.6856341315813,1.11872363706835,3.54000946496642,-1.90731157978837,-0.608336054306639,7.74334654144899,-1.13381448207085,-1.69018108026033,3.76000655952202,-1.29846404293277,0.819676720417849,7.70180634318613,0.305266072722876,0.0639771209538351,5.96006225040626,-4.31478733231483,-2.16140829426515
17-Dec-2024,0.967263547059367,-2.15227370157384,-0.206592241757268,-0.782716264197965,-1.17076064116189,-1.32438876594907,-5.6502229277121,-0.840425829458599,-2.53465432036134,0.1120239101469,-1.28089582925812,-0.0677277370962018,-0.941442507529336,-0.77951320126195,-0.517275971243822,-0.258064659349163,0.417963734826655,-1.19325597463727,-0.319976180701765,-0.632526083581306,1.76398152078339,-0.211756640527123,0.162733965937541,-0.716947783527698,-1.22719631509901,-1.04930482993999,4.5673572894829,0.407332538763565,-0.428572084549907,-0.585914298771593,-0.184515792672649,3.57241449947087,-2.63831078742934,-0.424982162174339
18-Dec-2024,-2.16545857082583,-2.91703772997798,-2.73300413005199,-4.18617103300033,-10.755919733509,-2.48325572488488,2.77671220404484,-2.75865400711805,-0.653471477807481,-1.80761841410713,-7.33999072653981,-1.63938097756764,-3.35059511367835,-2.66117232280505,-3.24804695214431,-2.61795055817711,-1.99398134598725,-2.1475029389851,-1.11851627732079,-3.65837263739344,-1.14027887522862,-1.57570924871965,-12.9590272419523,-2.45127477652202,-1.14154729803674,-4.91360845594407,-2.06429348527515,-10.2654154060083,-15.6180894891351,-2.56192042374642,-2.77256832879839,-8.64242568726129,2.88274600360289,-1.48302862621595
19-Dec-2024,0.69902261174959,-0.481155699722208,0.926983194238255,-1.39912596243223,-2.145338517419,-0.701463379868901,-3.36883418002106,-2.05455461682024,-0.0385728066498992,0.681691713898318,0.254489038805306,-0.691087753984703,0.916743898552857,-0.979131756583643,0.0524982584357278,0.529101763441568,1.24038425487755,-4.66001290341602,-0.761653284946192,0.058369373655819,-0.811574530476758,-0.681490275167814,-5.90929402800801,-1.06922395785243,1.36371002778561,-4.15659924942721,-0.464576909917257,3.54019270509158,-6.57107560536858,0.878610323421174,-0.127959070562508,-0.903806220821834,-2.11743352874429,-0.858779401422246
20-Dec-2024,1.86409776231992,4.40322701505033,0.834974445188479,2.21516738997232,1.73357217663152,-0.0630583310438021,1.31610703874495,1.19719739772837,0.461894585629446,1.25646284928072,-1.99664362501174,1.24053968574877,1.44957394888318,0.896597671015153,1.41787979800515,1.57071292053579,1.11442460939487,3.63453072632969,1.28265615577358,1.52666683791975,0.617950239295292,1.93258688519798,-2.03329593553966,2.68681320546827,3.02984966834488,-0.240827288069277,2.26366849700327,10.7098135556367,3.16649146439687,0.87954348155884,1.1649568562807,-3.52567342690347,2.19944583518636,0.340619120128764
23-Dec-2024,0.306026604182258,0.460476638674834,0.235124686424209,0.634028189458317,-3.86252892907585,1.31594588296602,-0.497176165357596,0.0839689364290777,1.3730192811902,0.0372647665948277,1.48701624794512,0.95433580468997,0.0866260765171226,0.688067974428371,1.3207890221852,0.259403517704653,0.258255078051332,2.15330353726898,0.586201402559833,1.66825959964653,0.552220634350234,-0.518704200377975,-3.62192101495247,1.13763713069584,3.62324139013616,-2.13693243036824,1.31903174875631,-5.2116001139014,-6.71393028376286,0.128694625458258,0.735543269395711,2.24042435878534,1.23403157698809,0.40533589926137
24-Dec-2024,1.14126698829663,-0.306748706786183,0.185434025396359,0.630033585625086,4.18850131307444,0.754564539407608,0.248897062534817,0.606675268223736,1.01753280416524,0.167519815816048,1.57705324247882,0.406229400887893,0.962238776450953,0.73109729146494,1.0324481311111,0.774197415361546,0.376959946218095,-0.080521785492498,0.267374803885677,0.757540603826442,0.398461642893809,0.33654173891178,4.56932276588988,0.577718250555257,0.393012046114176,3.71852442007221,0.112254455192759,-0.412371718386215,7.74753121682906,0.171335602609862,1.04336258604719,7.09911831769779,-0.0474102177897741,0.0940291559641943
26-Dec-2024,0.317080038289896,-1.3921338518608,-0.496523467828513,-0.946545191514601,-1.88082002232957,-0.226804220934988,1.5027758416304,0.0972830317846541,-1.35902431417217,-0.111648690421882,3.40598701475869,0.135043909787155,0.419870063669937,-0.146073596489312,-0.0169868973426134,-0.257400399517288,-0.6075129141149,-1.35166417728254,0.330405046392383,-0.260396869203098,-0.185293262361846,0.37828101257955,-4.3099192481852,-0.743395494030251,-0.207032021119951,-3.81221268941517,-0.675424706556403,-1.66670524852118,-1.03360093306619,0.179586998281201,-0.032028637643672,-1.77872674420655,0.992881098299072,0.0845507119748291
27-Dec-2024,-1.33306806880835,-0.703402665737994,-0.20158613220241,-0.706966535885859,-3.22178498467817,0.0309581551412235,-0.961868505229205,0.0138898534843913,-0.648238685612544,0.408770543176754,-2.59896997310985,-0.541273310675033,-0.68661674119344,-0.00562247867121116,-1.47738165759619,-0.516797015844256,0.0276944382107035,-0.589617911689538,-0.240186259730151,-1.4625865828585,-0.36472531226988,-0.206343604548161,-4.55828777823921,-0.359911794936829,-2.10883817026048,-1.03846496240844,0.225648835873261,0,-4.96996685522726,-0.282353128760672,-1.17898177490884,-5.07452593343505,-0.22719715200251,-0.00939099404361471
30-Dec-2024,-1.33521745765385,-0.787405643090588,-1.28366548553518,-0.426591475223005,-3.89482727554588,0.175248743372845,-1.24393778614863,-0.647927859775796,0.0382482314856012,-0.111317265669333,-5.58549725709445,-1.22868439926507,-1.27536262814786,0.0997520331673665,-1.11608899191831,-0.259403517704665,-0.583199986707405,-2.52855167907273,-1.04246298335223,-0.791670801422926,-1.18590800016399,-1.15187319615564,-6.43939184332488,-0.486551317812743,0.349727132412527,-1.4224931936321,-0.754151387278624,-4.2925044717034,-4.56105112520523,-1.28488811200253,-1.00605434205251,-3.35692891404965,-0.430344841241989,-0.678479798348002
31-Dec-2024,-0.708291529001754,1.7241806434506,0.515445230911627,-1.4714064137179,-2.88195232200216,2.11971658159802,2.13899858373767,1.22956639191979,-0.575265248944981,-0.0185649308989478,-0.0586338334007158,0.205831976615436,-0.253645782639279,1.26145901373375,-1.07250713469187,-0.260078170005737,0.0278486889708888,-1.03300289191353,0.0417560315061634,-1.01961255426255,0.889018218103264,0.530275355085891,-3.05367238600817,-0.0975949885759878,-2.35495465960586,0.732436325398591,0.415486905546903,-6.80534632450156,-2.80076249869034,0.433013580369724,-0.453629323678139,-3.30501922775343,-0.382771810793876,1.69694223405377
02-Jan-2025,NaN,NaN,NaN,NaN,NaN,NaN,NaN,NaN,NaN,NaN,NaN,0.0685166179596511,-0.330562325947933,1.20739124220237,0.0789127553788232,0.778214044205495,NaN,NaN,NaN,NaN,NaN,NaN,NaN,NaN,NaN,NaN,NaN,NaN,NaN,NaN,NaN,NaN,NaN,NaN
03-Jan-2025,NaN,NaN,NaN,NaN,NaN,NaN,NaN,NaN,NaN,NaN,NaN,1.0221554071538,0.997049134950431,0.871628660703781,1.59674138092105,1.28371467606807,NaN,NaN,NaN,NaN,NaN,NaN,NaN,NaN,NaN,NaN,NaN,NaN,NaN,NaN,NaN,NaN,NaN,NaN
06-Jan-2025,NaN,NaN,NaN,NaN,NaN,NaN,NaN,NaN,NaN,NaN,NaN,0,-0.919059080322929,-0.278803637761194,1.75691065278569,-1.28371467606807,NaN,NaN,NaN,NaN,NaN,NaN,NaN,NaN,NaN,NaN,NaN,NaN,NaN,NaN,NaN,NaN,NaN,NaN
07-Jan-2025,NaN,NaN,NaN,NaN,NaN,NaN,NaN,NaN,NaN,NaN,NaN,0.540907336401181,-0.0817573843446616,1.05803890148706,-2.31555948389464,-0.258732356495091,NaN,NaN,NaN,NaN,NaN,NaN,NaN,NaN,NaN,NaN,NaN,NaN,NaN,NaN,NaN,NaN,NaN,NaN
08-Jan-2025,NaN,NaN,NaN,NaN,NaN,NaN,NaN,NaN,NaN,NaN,NaN,0.537997262680629,0.89104900298094,-0.0714473510620625,-0.0701573892811568,0,NaN,NaN,NaN,NaN,NaN,NaN,NaN,NaN,NaN,NaN,NaN,NaN,NaN,NaN,NaN,NaN,NaN,NaN
10-Jan-2025,NaN,NaN,NaN,NaN,NaN,NaN,NaN,NaN,NaN,NaN,NaN,-0.537997262680632,-0.71103109986835,0.315062667212927,-1.88708743437843,-0.519481687710402,NaN,NaN,NaN,NaN,NaN,NaN,NaN,NaN,NaN,NaN,NaN,NaN,NaN,NaN,NaN,NaN,NaN,NaN
13-Jan-2025,NaN,NaN,NaN,NaN,NaN,NaN,NaN,NaN,NaN,NaN,NaN,1.33960476150423,0.784276869737848,2.08595867553876,-0.847067985216186,-1.31063475053005,NaN,NaN,NaN,NaN,NaN,NaN,NaN,NaN,NaN,NaN,NaN,NaN,NaN,NaN,NaN,NaN,NaN,NaN
14-Jan-2025,NaN,NaN,NaN,NaN,NaN,NaN,NaN,NaN,NaN,NaN,NaN,-1.07024432928194,1.34745931195766,1.08681066066442,-0.275629185729601,1.31063475053006,NaN,NaN,NaN,NaN,NaN,NaN,NaN,NaN,NaN,NaN,NaN,NaN,NaN,NaN,NaN,NaN,NaN,NaN
15-Jan-2025,NaN,NaN,NaN,NaN,NaN,NaN,NaN,NaN,NaN,NaN,NaN,0.335683430355109,0.525178746176811,1.38001013131859,2.42179144600726,1.55041865359653,NaN,NaN,NaN,NaN,NaN,NaN,NaN,NaN,NaN,NaN,NaN,NaN,NaN,NaN,NaN,NaN,NaN,NaN
16-Jan-2025,NaN,NaN,NaN,NaN,NaN,NaN,NaN,NaN,NaN,NaN,NaN,0.401338331345852,0.989644736297598,0.714179045382738,-1.23077726125195,2.53178079842898,NaN,NaN,NaN,NaN,NaN,NaN,NaN,NaN,NaN,NaN,NaN,NaN,NaN,NaN,NaN,NaN,NaN,NaN
17-Jan-2025,NaN,NaN,NaN,NaN,NaN,NaN,NaN,NaN,NaN,NaN,NaN,-0.669794868412758,0.83327492125284,0.715446073626987,1.5741814541847,0,NaN,NaN,NaN,NaN,NaN,NaN,NaN,NaN,NaN,NaN,NaN,NaN,NaN,NaN,NaN,NaN,NaN,NaN
21-Jan-2025,NaN,NaN,NaN,NaN,NaN,NaN,NaN,NaN,NaN,NaN,NaN,1.7322218604357,3.12851744156462,-0.700143269358248,0.456045510000832,1.48886124937506,NaN,NaN,NaN,NaN,NaN,NaN,NaN,NaN,NaN,NaN,NaN,NaN,NaN,NaN,NaN,NaN,NaN,NaN
22-Jan-2025,NaN,NaN,NaN,NaN,NaN,NaN,NaN,NaN,NaN,NaN,NaN,-0.198347172465453,-0.555979347023513,-1.89873826355802,2.0616457551957,-1.99011543172949,NaN,NaN,NaN,NaN,NaN,NaN,NaN,NaN,NaN,NaN,NaN,NaN,NaN,NaN,NaN,NaN,NaN,NaN
23-Jan-2025,NaN,NaN,NaN,NaN,NaN,NaN,NaN,NaN,NaN,NaN,NaN,1.24960521137416,1.82663235689041,0.400765751537043,0.201453161058419,0.250941160542571,NaN,NaN,NaN,NaN,NaN,NaN,NaN,NaN,NaN,NaN,NaN,NaN,NaN,NaN,NaN,NaN,NaN,NaN
24-Jan-2025,NaN,NaN,NaN,NaN,NaN,NaN,NaN,NaN,NaN,NaN,NaN,0.130633591405546,-1.1552561791563,-1.01213332154499,-0.641629136259425,1.24534610712866,NaN,NaN,NaN,NaN,NaN,NaN,NaN,NaN,NaN,NaN,NaN,NaN,NaN,NaN,NaN,NaN,NaN,NaN
27-Jan-2025,NaN,NaN,NaN,NaN,NaN,NaN,NaN,NaN,NaN,NaN,NaN,2.003298012094,-1.12364594855488,-1.05683384360732,-4.98527367519561,-2.50639686632163,NaN,NaN,NaN,NaN,NaN,NaN,NaN,NaN,NaN,NaN,NaN,NaN,NaN,NaN,NaN,NaN,NaN,NaN
28-Jan-2025,NaN,NaN,NaN,NaN,NaN,NaN,NaN,NaN,NaN,NaN,NaN,-0.513150580814213,-0.0423306890416316,-0.915976137413896,3.3243225298215,-1.27715656794875,NaN,NaN,NaN,NaN,NaN,NaN,NaN,NaN,NaN,NaN,NaN,NaN,NaN,NaN,NaN,NaN,NaN,NaN
29-Jan-2025,NaN,NaN,NaN,NaN,NaN,NaN,NaN,NaN,NaN,NaN,NaN,-0.645163528148872,-0.612954039781755,0.225124812841416,-0.883980200931234,0.256739550524573,NaN,NaN,NaN,NaN,NaN,NaN,NaN,NaN,NaN,NaN,NaN,NaN,NaN,NaN,NaN,NaN,NaN,NaN
30-Jan-2025,NaN,NaN,NaN,NaN,NaN,NaN,NaN,NaN,NaN,NaN,NaN,1.15831410896309,2.18139727239876,0.507002214187333,-0.0661359152826388,2.03052661607455,NaN,NaN,NaN,NaN,NaN,NaN,NaN,NaN,NaN,NaN,NaN,NaN,NaN,NaN,NaN,NaN,NaN,NaN
31-Jan-2025,NaN,NaN,NaN,NaN,NaN,NaN,NaN,NaN,NaN,NaN,NaN,-0.320410399078301,-0.430748204858973,-2.68206828885539,-0.405053333081356,-0.756624038331581,NaN,NaN,NaN,NaN,NaN,NaN,NaN,NaN,NaN,NaN,NaN,NaN,NaN,NaN,NaN,NaN,NaN,NaN
03-Feb-2025,NaN,NaN,NaN,NaN,NaN,NaN,NaN,NaN,NaN,NaN,NaN,0.256410396893763,0.0614474371336322,0.432857053020261,-1.50012064023096,0.505051578606857,NaN,NaN,NaN,NaN,NaN,NaN,NaN,NaN,NaN,NaN,NaN,NaN,NaN,NaN,NaN,NaN,NaN,NaN
04-Feb-2025,NaN,NaN,NaN,NaN,NaN,NaN,NaN,NaN,NaN,NaN,NaN,-0.192246134185474,-0.614480151227003,2.03053342002478,1.54343899928598,-0.758537138925661,NaN,NaN,NaN,NaN,NaN,NaN,NaN,NaN,NaN,NaN,NaN,NaN,NaN,NaN,NaN,NaN,NaN,NaN
05-Feb-2025,NaN,NaN,NaN,NaN,NaN,NaN,NaN,NaN,NaN,NaN,NaN,1.02106822019569,0.99310149775447,0.174980491907138,0.473697558233817,1.01010959865039,NaN,NaN,NaN,NaN,NaN,NaN,NaN,NaN,NaN,NaN,NaN,NaN,NaN,NaN,NaN,NaN,NaN,NaN
06-Feb-2025,NaN,NaN,NaN,NaN,NaN,NaN,NaN,NaN,NaN,NaN,NaN,-0.956945101615067,-0.240703967478235,-1.76238970669737,0.620514180348102,0,NaN,NaN,NaN,NaN,NaN,NaN,NaN,NaN,NaN,NaN,NaN,NaN,NaN,NaN,NaN,NaN,NaN,NaN
07-Feb-2025,NaN,NaN,NaN,NaN,NaN,NaN,NaN,NaN,NaN,NaN,NaN,-0.64308903302904,-0.306433059120022,-0.0539345247959103,-1.16220987053611,-0.503779402995718,NaN,NaN,NaN,NaN,NaN,NaN,NaN,NaN,NaN,NaN,NaN,NaN,NaN,NaN,NaN,NaN,NaN,NaN
10-Feb-2025,NaN,NaN,NaN,NaN,NaN,NaN,NaN,NaN,NaN,NaN,NaN,-0.0645369496423642,0.414758661608748,2.17064854417806,1.29361528216889,1.25472160520886,NaN,NaN,NaN,NaN,NaN,NaN,NaN,NaN,NaN,NaN,NaN,NaN,NaN,NaN,NaN,NaN,NaN,NaN
11-Feb-2025,NaN,NaN,NaN,NaN,NaN,NaN,NaN,NaN,NaN,NaN,NaN,-0.323310983214716,0.198024892702032,0.666892750429399,0.0141650282687612,0.497513464011371,NaN,NaN,NaN,NaN,NaN,NaN,NaN,NaN,NaN,NaN,NaN,NaN,NaN,NaN,NaN,NaN,NaN,NaN
12-Feb-2025,NaN,NaN,NaN,NaN,NaN,NaN,NaN,NaN,NaN,NaN,NaN,-0.0647878221560643,-0.664730596784189,-2.79708767413103,-0.0226650084405881,-0.248447332766194,NaN,NaN,NaN,NaN,NaN,NaN,NaN,NaN,NaN,NaN,NaN,NaN,NaN,NaN,NaN,NaN,NaN,NaN
13-Feb-2025,NaN,NaN,NaN,NaN,NaN,NaN,NaN,NaN,NaN,NaN,NaN,0.388098805370775,-0.83634733663083,0.777566078999137,1.47646449870374,0.248447332766197,NaN,NaN,NaN,NaN,NaN,NaN,NaN,NaN,NaN,NaN,NaN,NaN,NaN,NaN,NaN,NaN,NaN,NaN
14-Feb-2025,NaN,NaN,NaN,NaN,NaN,NaN,NaN,NaN,NaN,NaN,NaN,-1.1035490116332,-1.00773810915137,0.149714634496079,0.531284446178256,-0.497513464011384,NaN,NaN,NaN,NaN,NaN,NaN,NaN,NaN,NaN,NaN,NaN,NaN,NaN,NaN,NaN,NaN,NaN,NaN
18-Feb-2025,NaN,NaN,NaN,NaN,NaN,NaN,NaN,NaN,NaN,NaN,NaN,-0.196014437147429,0.809881709325147,1.33348577603013,0.166350260380909,0.745345065458097,NaN,NaN,NaN,NaN,NaN,NaN,NaN,NaN,NaN,NaN,NaN,NaN,NaN,NaN,NaN,NaN,NaN,NaN
19-Feb-2025,NaN,NaN,NaN,NaN,NaN,NaN,NaN,NaN,NaN,NaN,NaN,1.23498482206102,-0.233410041050958,0.675190080643601,-0.00804060227316166,0.493828164058258,NaN,NaN,NaN,NaN,NaN,NaN,NaN,NaN,NaN,NaN,NaN,NaN,NaN,NaN,NaN,NaN,NaN,NaN
20-Feb-2025,NaN,NaN,NaN,NaN,NaN,NaN,NaN,NaN,NaN,NaN,NaN,0.451177046366217,-0.995698814349826,0.926517746689651,-0.261950143297341,0,NaN,NaN,NaN,NaN,NaN,NaN,NaN,NaN,NaN,NaN,NaN,NaN,NaN,NaN,NaN,NaN,NaN,NaN
21-Feb-2025,NaN,NaN,NaN,NaN,NaN,NaN,NaN,NaN,NaN,NaN,NaN,-0.580459546596722,-2.48413388859138,-2.13164517124567,-2.48295372420617,0,NaN,NaN,NaN,NaN,NaN,NaN,NaN,NaN,NaN,NaN,NaN,NaN,NaN,NaN,NaN,NaN,NaN,NaN
24-Feb-2025,NaN,NaN,NaN,NaN,NaN,NaN,NaN,NaN,NaN,NaN,NaN,0.708994268663115,0.246556116204949,0.0370944455322004,-1.43331866749062,-0.493828164058257,NaN,NaN,NaN,NaN,NaN,NaN,NaN,NaN,NaN,NaN,NaN,NaN,NaN,NaN,NaN,NaN,NaN,NaN
25-Feb-2025,NaN,NaN,NaN,NaN,NaN,NaN,NaN,NaN,NaN,NaN,NaN,0.767758089903433,0.578017397724955,-1.56455514820199,-1.57714625960459,-0.496278934212901,NaN,NaN,NaN,NaN,NaN,NaN,NaN,NaN,NaN,NaN,NaN,NaN,NaN,NaN,NaN,NaN,NaN,NaN
26-Feb-2025,NaN,NaN,NaN,NaN,NaN,NaN,NaN,NaN,NaN,NaN,NaN,-0.639388367525613,0.460480824754517,-0.369332387261059,0.761300983716838,0.49627893421291,NaN,NaN,NaN,NaN,NaN,NaN,NaN,NaN,NaN,NaN,NaN,NaN,NaN,NaN,NaN,NaN,NaN,NaN
27-Feb-2025,NaN,NaN,NaN,NaN,NaN,NaN,NaN,NaN,NaN,NaN,NaN,-0.514470588123771,0.757213295666315,0.271066833542611,-3.64324178484296,-2.25291130600282,NaN,NaN,NaN,NaN,NaN,NaN,NaN,NaN,NaN,NaN,NaN,NaN,NaN,NaN,NaN,NaN,NaN,NaN
28-Feb-2025,NaN,NaN,NaN,NaN,NaN,NaN,NaN,NaN,NaN,NaN,NaN,1.15385895564938,1.64627936580309,1.51038063767066,1.69409469089049,1.25787822068602,NaN,NaN,NaN,NaN,NaN,NaN,NaN,NaN,NaN,NaN,NaN,NaN,NaN,NaN,NaN,NaN,NaN,NaN
03-Mar-2025,NaN,NaN,NaN,NaN,NaN,NaN,NaN,NaN,NaN,NaN,NaN,0.191022025611925,-1.25328373570538,-3.68187819745855,-3.28983595540251,0.249688019858715,NaN,NaN,NaN,NaN,NaN,NaN,NaN,NaN,NaN,NaN,NaN,NaN,NaN,NaN,NaN,NaN,NaN,NaN
04-Mar-2025,NaN,NaN,NaN,NaN,NaN,NaN,NaN,NaN,NaN,NaN,NaN,-0.894574655845828,-2.46942937382954,-0.819512467192737,0.112813731954983,-1.76105180086354,NaN,NaN,NaN,NaN,NaN,NaN,NaN,NaN,NaN,NaN,NaN,NaN,NaN,NaN,NaN,NaN,NaN,NaN
05-Mar-2025,NaN,NaN,NaN,NaN,NaN,NaN,NaN,NaN,NaN,NaN,NaN,1.02172025466549,2.19442984800718,-1.438189975313,1.49773849632445,-0.764334931256801,NaN,NaN,NaN,NaN,NaN,NaN,NaN,NaN,NaN,NaN,NaN,NaN,NaN,NaN,NaN,NaN,NaN,NaN
06-Mar-2025,NaN,NaN,NaN,NaN,NaN,NaN,NaN,NaN,NaN,NaN,NaN,-0.254453063499476,-2.10894374462676,0.260096452559126,-2.84178393234222,-2.06725708047198,NaN,NaN,NaN,NaN,NaN,NaN,NaN,NaN,NaN,NaN,NaN,NaN,NaN,NaN,NaN,NaN,NaN,NaN
07-Mar-2025,NaN,NaN,NaN,NaN,NaN,NaN,NaN,NaN,NaN,NaN,NaN,0.0636739913267526,0.195051069225619,1.6625973014184,1.1531853178121,1.81117499430461,NaN,NaN,NaN,NaN,NaN,NaN,NaN,NaN,NaN,NaN,NaN,NaN,NaN,NaN,NaN,NaN,NaN,NaN
10-Mar-2025,NaN,NaN,NaN,NaN,NaN,NaN,NaN,NaN,NaN,NaN,NaN,-1.28124750790824,-1.14000327471292,0.686729872714361,-4.649008223232,1.02041701742417,NaN,NaN,NaN,NaN,NaN,NaN,NaN,NaN,NaN,NaN,NaN,NaN,NaN,NaN,NaN,NaN,NaN,NaN
11-Mar-2025,NaN,NaN,NaN,NaN,NaN,NaN,NaN,NaN,NaN,NaN,NaN,-1.03695031552413,0.177978487599071,-0.771003227291287,-0.201786165535659,-0.764334931256801,NaN,NaN,NaN,NaN,NaN,NaN,NaN,NaN,NaN,NaN,NaN,NaN,NaN,NaN,NaN,NaN,NaN,NaN
12-Mar-2025,NaN,NaN,NaN,NaN,NaN,NaN,NaN,NaN,NaN,NaN,NaN,-0.982004618097546,0.697843213361326,0.51832872694832,1.67045585520358,-0.512821636691946,NaN,NaN,NaN,NaN,NaN,NaN,NaN,NaN,NaN,NaN,NaN,NaN,NaN,NaN,NaN,NaN,NaN,NaN
13-Mar-2025,NaN,NaN,NaN,NaN,NaN,NaN,NaN,NaN,NaN,NaN,NaN,-0.593865156758249,-0.266635399578323,-0.712011949511566,-2.13844919301789,0.256739550524573,NaN,NaN,NaN,NaN,NaN,NaN,NaN,NaN,NaN,NaN,NaN,NaN,NaN,NaN,NaN,NaN,NaN,NaN
14-Mar-2025,NaN,NaN,NaN,NaN,NaN,NaN,NaN,NaN,NaN,NaN,NaN,0.856677397385198,1.57093920330357,2.78580958145775,2.9423187752802,2.03052661607455,NaN,NaN,NaN,NaN,NaN,NaN,NaN,NaN,NaN,NaN,NaN,NaN,NaN,NaN,NaN,NaN,NaN,NaN
17-Mar-2025,NaN,NaN,NaN,NaN,NaN,NaN,NaN,NaN,NaN,NaN,NaN,1.17418178766832,1.41004062292626,1.60450181434898,0.0764627069179187,0.250941160542571,NaN,NaN,NaN,NaN,NaN,NaN,NaN,NaN,NaN,NaN,NaN,NaN,NaN,NaN,NaN,NaN,NaN,NaN
18-Mar-2025,NaN,NaN,NaN,NaN,NaN,NaN,NaN,NaN,NaN,NaN,NaN,0,-0.347537735138294,0.206535051969693,-1.93381894479495,-0.502513620267304,NaN,NaN,NaN,NaN,NaN,NaN,NaN,NaN,NaN,NaN,NaN,NaN,NaN,NaN,NaN,NaN,NaN,NaN
19-Mar-2025,NaN,NaN,NaN,NaN,NaN,NaN,NaN,NaN,NaN,NaN,NaN,0.0648298239886038,2.41323369806244,1.624089535229,1.43402444366822,0.251572459724737,NaN,NaN,NaN,NaN,NaN,NaN,NaN,NaN,NaN,NaN,NaN,NaN,NaN,NaN,NaN,NaN,NaN,NaN
20-Mar-2025,NaN,NaN,NaN,NaN,NaN,NaN,NaN,NaN,NaN,NaN,NaN,0,-0.800836215686006,0.411654143032611,-0.367052499293189,0.501254182354419,NaN,NaN,NaN,NaN,NaN,NaN,NaN,NaN,NaN,NaN,NaN,NaN,NaN,NaN,NaN,NaN,NaN,NaN
21-Mar-2025,NaN,NaN,NaN,NaN,NaN,NaN,NaN,NaN,NaN,NaN,NaN,-0.194615695548598,-0.314130520197255,-0.667028874654609,0.600075188665035,-0.752826642079152,NaN,NaN,NaN,NaN,NaN,NaN,NaN,NaN,NaN,NaN,NaN,NaN,NaN,NaN,NaN,NaN,NaN,NaN
24-Mar-2025,NaN,NaN,NaN,NaN,NaN,NaN,NaN,NaN,NaN,NaN,NaN,0.840612774101226,2.20039309121861,1.11183610428565,2.00684089407037,0,NaN,NaN,NaN,NaN,NaN,NaN,NaN,NaN,NaN,NaN,NaN,NaN,NaN,NaN,NaN,NaN,NaN,NaN
25-Mar-2025,NaN,NaN,NaN,NaN,NaN,NaN,NaN,NaN,NaN,NaN,NaN,-1.29619442768729,0.90197879465314,0.444121917158014,0.503669115606269,-1.77895415634983,NaN,NaN,NaN,NaN,NaN,NaN,NaN,NaN,NaN,NaN,NaN,NaN,NaN,NaN,NaN,NaN,NaN,NaN
26-Mar-2025,NaN,NaN,NaN,NaN,NaN,NaN,NaN,NaN,NaN,NaN,NaN,-0.457666702741187,-1.4841798865944,0.518856096018802,-2.62932162364136,0.76628727455691,NaN,NaN,NaN,NaN,NaN,NaN,NaN,NaN,NaN,NaN,NaN,NaN,NaN,NaN,NaN,NaN,NaN,NaN
27-Mar-2025,NaN,NaN,NaN,NaN,NaN,NaN,NaN,NaN,NaN,NaN,NaN,0.130975788206351,-0.535094422695847,-0.921701005173799,-1.04203813158945,0,NaN,NaN,NaN,NaN,NaN,NaN,NaN,NaN,NaN,NaN,NaN,NaN,NaN,NaN,NaN,NaN,NaN,NaN
28-Mar-2025,NaN,NaN,NaN,NaN,NaN,NaN,NaN,NaN,NaN,NaN,NaN,-0.393443130483467,-1.9869143283121,-0.4536913767373,-2.89587277094212,0.760459938521921,NaN,NaN,NaN,NaN,NaN,NaN,NaN,NaN,NaN,NaN,NaN,NaN,NaN,NaN,NaN,NaN,NaN,NaN
31-Mar-2025,NaN,NaN,NaN,NaN,NaN,NaN,NaN,NaN,NaN,NaN,NaN,0.720134045018307,-0.0870337789316406,1.06824718082546,-0.0630800842272071,1.00503358535015,NaN,NaN,NaN,NaN,NaN,NaN,NaN,NaN,NaN,NaN,NaN,NaN,NaN,NaN,NaN,NaN,NaN,NaN
01-Apr-2025,NaN,NaN,NaN,NaN,NaN,NaN,NaN,NaN,NaN,NaN,NaN,-1.77694705119753,0.741610504014979,0.587868630601124,1.13232248530651,0.498754151103897,NaN,NaN,NaN,NaN,NaN,NaN,NaN,NaN,NaN,NaN,NaN,NaN,NaN,NaN,NaN,NaN,NaN,NaN
02-Apr-2025,NaN,NaN,NaN,NaN,NaN,NaN,NaN,NaN,NaN,NaN,NaN,0.727757098869335,0.372989460848024,0.184592326274028,0.463757388965838,0.248447332766197,NaN,NaN,NaN,NaN,NaN,NaN,NaN,NaN,NaN,NaN,NaN,NaN,NaN,NaN,NaN,NaN,NaN,NaN
03-Apr-2025,NaN,NaN,NaN,NaN,NaN,NaN,NaN,NaN,NaN,NaN,NaN,-0.993714702445219,-4.62419646691412,-7.8748351710224,-7.12335982642275,-0.497513464011384,NaN,NaN,NaN,NaN,NaN,NaN,NaN,NaN,NaN,NaN,NaN,NaN,NaN,NaN,NaN,NaN,NaN,NaN
04-Apr-2025,NaN,NaN,NaN,NaN,NaN,NaN,NaN,NaN,NaN,NaN,NaN,-5.68451551640374,-8.91086964188331,-9.37165693075592,-6.14634313034775,-5.90672316869815,NaN,NaN,NaN,NaN,NaN,NaN,NaN,NaN,NaN,NaN,NaN,NaN,NaN,NaN,NaN,NaN,NaN,NaN
07-Apr-2025,NaN,NaN,NaN,NaN,NaN,NaN,NaN,NaN,NaN,NaN,NaN,-0.565372530722865,0.392465227717099,-0.781354725844669,0.483219548328512,-1.33157759757722,NaN,NaN,NaN,NaN,NaN,NaN,NaN,NaN,NaN,NaN,NaN,NaN,NaN,NaN,NaN,NaN,NaN,NaN
08-Apr-2025,NaN,NaN,NaN,NaN,NaN,NaN,NaN,NaN,NaN,NaN,NaN,-1.21213605323448,1.15658639224962,-2.55310698249385,-2.09219567627995,-0.537635703638041,NaN,NaN,NaN,NaN,NaN,NaN,NaN,NaN,NaN,NaN,NaN,NaN,NaN,NaN,NaN,NaN,NaN,NaN
09-Apr-2025,NaN,NaN,NaN,NaN,NaN,NaN,NaN,NaN,NaN,NaN,NaN,4.48883212481342,8.72514850010321,7.41660070907702,13.0585406311983,3.70412716803491,NaN,NaN,NaN,NaN,NaN,NaN,NaN,NaN,NaN,NaN,NaN,NaN,NaN,NaN,NaN,NaN,NaN,NaN
10-Apr-2025,NaN,NaN,NaN,NaN,NaN,NaN,NaN,NaN,NaN,NaN,NaN,-2.99361024912654,-1.91010967444219,-6.63062279456496,-4.81002626137603,-0.520834510713824,NaN,NaN,NaN,NaN,NaN,NaN,NaN,NaN,NaN,NaN,NaN,NaN,NaN,NaN,NaN,NaN,NaN,NaN
11-Apr-2025,NaN,NaN,NaN,NaN,NaN,NaN,NaN,NaN,NaN,NaN,NaN,1.47319395308316,1.45488535283816,2.5771940246877,2.3111614470112,1.03897038491359,NaN,NaN,NaN,NaN,NaN,NaN,NaN,NaN,NaN,NaN,NaN,NaN,NaN,NaN,NaN,NaN,NaN,NaN
14-Apr-2025,NaN,NaN,NaN,NaN,NaN,NaN,NaN,NaN,NaN,NaN,NaN,1.24569084852952,1.13927904822886,0.282130193250516,0.448158501617554,1.79262162681521,NaN,NaN,NaN,NaN,NaN,NaN,NaN,NaN,NaN,NaN,NaN,NaN,NaN,NaN,NaN,NaN,NaN,NaN
15-Apr-2025,NaN,NaN,NaN,NaN,NaN,NaN,NaN,NaN,NaN,NaN,NaN,-0.75940993195938,-0.419079762364337,-0.0949603272877742,0.0307582413081051,0,NaN,NaN,NaN,NaN,NaN,NaN,NaN,NaN,NaN,NaN,NaN,NaN,NaN,NaN,NaN,NaN,NaN,NaN
16-Apr-2025,NaN,NaN,NaN,NaN,NaN,NaN,NaN,NaN,NaN,NaN,NaN,-0.97493808440035,-0.455734030772033,0.814026092116345,-3.75378458537235,-0.764334931256801,NaN,NaN,NaN,NaN,NaN,NaN,NaN,NaN,NaN,NaN,NaN,NaN,NaN,NaN,NaN,NaN,NaN,NaN
17-Apr-2025,NaN,NaN,NaN,NaN,NaN,NaN,NaN,NaN,NaN,NaN,NaN,-0.631802733456098,-0.00668369114884844,2.26131185157303,-0.691758331238017,1.01782049157561,NaN,NaN,NaN,NaN,NaN,NaN,NaN,NaN,NaN,NaN,NaN,NaN,NaN,NaN,NaN,NaN,NaN,NaN
21-Apr-2025,NaN,NaN,NaN,NaN,NaN,NaN,NaN,NaN,NaN,NaN,NaN,-2.13531244705689,-2.11693037827503,-2.66299104872486,-2.80090532329451,-2.56424306133377,NaN,NaN,NaN,NaN,NaN,NaN,NaN,NaN,NaN,NaN,NaN,NaN,NaN,NaN,NaN,NaN,NaN,NaN
22-Apr-2025,NaN,NaN,NaN,NaN,NaN,NaN,NaN,NaN,NaN,NaN,NaN,1.85322481289277,-0.233818451959134,2.62496267324828,2.51869857628288,2.81708769666962,NaN,NaN,NaN,NaN,NaN,NaN,NaN,NaN,NaN,NaN,NaN,NaN,NaN,NaN,NaN,NaN,NaN,NaN
23-Apr-2025,NaN,NaN,NaN,NaN,NaN,NaN,NaN,NaN,NaN,NaN,NaN,0.633581844908592,2.79709794574597,-0.284207633437723,2.95309539087631,0.503779402995708,NaN,NaN,NaN,NaN,NaN,NaN,NaN,NaN,NaN,NaN,NaN,NaN,NaN,NaN,NaN,NaN,NaN,NaN
24-Apr-2025,NaN,NaN,NaN,NaN,NaN,NaN,NaN,NaN,NaN,NaN,NaN,1.25524660711199,1.77266159847804,1.55612878455531,3.36879307703127,0,NaN,NaN,NaN,NaN,NaN,NaN,NaN,NaN,NaN,NaN,NaN,NaN,NaN,NaN,NaN,NaN,NaN,NaN
25-Apr-2025,NaN,NaN,NaN,NaN,NaN,NaN,NaN,NaN,NaN,NaN,NaN,0.483927664074923,1.16383062749133,0.00144440833425612,1.7082379130633,-0.251572459724725,NaN,NaN,NaN,NaN,NaN,NaN,NaN,NaN,NaN,NaN,NaN,NaN,NaN,NaN,NaN,NaN,NaN,NaN
28-Apr-2025,NaN,NaN,NaN,NaN,NaN,NaN,NaN,NaN,NaN,NaN,NaN,0.412939334201111,0.67280174355374,0.653615917493426,-0.267008509156423,0.752826642079159,NaN,NaN,NaN,NaN,NaN,NaN,NaN,NaN,NaN,NaN,NaN,NaN,NaN,NaN,NaN,NaN,NaN,NaN
29-Apr-2025,NaN,NaN,NaN,NaN,NaN,NaN,NaN,NaN,NaN,NaN,NaN,0.479617226349301,0.4590049756418,-0.369473597562391,0.424274709685431,0.498754151103897,NaN,NaN,NaN,NaN,NaN,NaN,NaN,NaN,NaN,NaN,NaN,NaN,NaN,NaN,NaN,NaN,NaN,NaN
30-Apr-2025,NaN,NaN,NaN,NaN,NaN,NaN,NaN,NaN,NaN,NaN,NaN,0.88466041402934,0.276460092105373,-2.72733559481807,0.135784174348867,-0.498754151103905,NaN,NaN,NaN,NaN,NaN,NaN,NaN,NaN,NaN,NaN,NaN,NaN,NaN,NaN,NaN,NaN,NaN,NaN
01-May-2025,NaN,NaN,NaN,NaN,NaN,NaN,NaN,NaN,NaN,NaN,NaN,-2.67781190813928,1.07793342930794,0.450421277055062,2.24268135300777,0.498754151103897,NaN,NaN,NaN,NaN,NaN,NaN,NaN,NaN,NaN,NaN,NaN,NaN,NaN,NaN,NaN,NaN,NaN,NaN
02-May-2025,NaN,NaN,NaN,NaN,NaN,NaN,NaN,NaN,NaN,NaN,NaN,1.38219201161799,1.70307349515659,1.46998017681019,1.4473995908406,0.743497848751799,NaN,NaN,NaN,NaN,NaN,NaN,NaN,NaN,NaN,NaN,NaN,NaN,NaN,NaN,NaN,NaN,NaN,NaN
05-May-2025,NaN,NaN,NaN,NaN,NaN,NaN,NaN,NaN,NaN,NaN,NaN,-0.343761081046346,-0.0254504753864201,-1.97073826742348,-0.663262658847597,-0.49505051598562,NaN,NaN,NaN,NaN,NaN,NaN,NaN,NaN,NaN,NaN,NaN,NaN,NaN,NaN,NaN,NaN,NaN,NaN
06-May-2025,NaN,NaN,NaN,NaN,NaN,NaN,NaN,NaN,NaN,NaN,NaN,-2.7934777331554,-0.74800380580203,0.0858534327494853,-0.710926658368038,1.23306124574787,NaN,NaN,NaN,NaN,NaN,NaN,NaN,NaN,NaN,NaN,NaN,NaN,NaN,NaN,NaN,NaN,NaN,NaN
07-May-2025,NaN,NaN,NaN,NaN,NaN,NaN,NaN,NaN,NaN,NaN,NaN,0.776018003666498,0.119020836527418,0.156714353692574,0.117309865818426,0.488998529419177,NaN,NaN,NaN,NaN,NaN,NaN,NaN,NaN,NaN,NaN,NaN,NaN,NaN,NaN,NaN,NaN,NaN,NaN
08-May-2025,NaN,NaN,NaN,NaN,NaN,NaN,NaN,NaN,NaN,NaN,NaN,-0.776018003666494,1.94539219353173,1.32662194480614,0.992164717646284,-0.980400009662086,NaN,NaN,NaN,NaN,NaN,NaN,NaN,NaN,NaN,NaN,NaN,NaN,NaN,NaN,NaN,NaN,NaN,NaN
09-May-2025,NaN,NaN,NaN,NaN,NaN,NaN,NaN,NaN,NaN,NaN,NaN,-1.13961347308696,-0.0696324034782103,1.0167391221626,-0.178749833957012,0.24600258408624,NaN,NaN,NaN,NaN,NaN,NaN,NaN,NaN,NaN,NaN,NaN,NaN,NaN,NaN,NaN,NaN,NaN,NaN
12-May-2025,NaN,NaN,NaN,NaN,NaN,NaN,NaN,NaN,NaN,NaN,NaN,2.54610641982731,1.42016393186038,2.46021530293413,4.68083125716057,-0.739830748144492,NaN,NaN,NaN,NaN,NaN,NaN,NaN,NaN,NaN,NaN,NaN,NaN,NaN,NaN,NaN,NaN,NaN,NaN
13-May-2025,NaN,NaN,NaN,NaN,NaN,NaN,NaN,NaN,NaN,NaN,NaN,-2.97683213958535,0.746755308803845,1.58128146431731,2.14258405654997,0,NaN,NaN,NaN,NaN,NaN,NaN,NaN,NaN,NaN,NaN,NaN,NaN,NaN,NaN,NaN,NaN,NaN,NaN
14-May-2025,NaN,NaN,NaN,NaN,NaN,NaN,NaN,NaN,NaN,NaN,NaN,-2.18190473946397,0.116182122254461,-0.540575659265841,1.16848070494788,-0.496278934212901,NaN,NaN,NaN,NaN,NaN,NaN,NaN,NaN,NaN,NaN,NaN,NaN,NaN,NaN,NaN,NaN,NaN,NaN
15-May-2025,NaN,NaN,NaN,NaN,NaN,NaN,NaN,NaN,NaN,NaN,NaN,1.24225199985571,2.15715587762871,-0.00975439819619853,-0.357778499704245,1.97050710793323,NaN,NaN,NaN,NaN,NaN,NaN,NaN,NaN,NaN,NaN,NaN,NaN,NaN,NaN,NaN,NaN,NaN,NaN
16-May-2025,NaN,NaN,NaN,NaN,NaN,NaN,NaN,NaN,NaN,NaN,NaN,1.87055813738061,0.738979536864876,-0.248360669033736,0.205679497303774,1.45281005629098,NaN,NaN,NaN,NaN,NaN,NaN,NaN,NaN,NaN,NaN,NaN,NaN,NaN,NaN,NaN,NaN,NaN,NaN
19-May-2025,NaN,NaN,NaN,NaN,NaN,NaN,NaN,NaN,NaN,NaN,NaN,0.922319415120404,0.733490247059081,-1.57277345228685,-0.0259770982139788,0.240096153753827,NaN,NaN,NaN,NaN,NaN,NaN,NaN,NaN,NaN,NaN,NaN,NaN,NaN,NaN,NaN,NaN,NaN,NaN
20-May-2025,NaN,NaN,NaN,NaN,NaN,NaN,NaN,NaN,NaN,NaN,NaN,0.282087634164126,0.0644507737081185,-0.900958366716606,-0.563722077808481,0.478469812333625,NaN,NaN,NaN,NaN,NaN,NaN,NaN,NaN,NaN,NaN,NaN,NaN,NaN,NaN,NaN,NaN,NaN,NaN
21-May-2025,NaN,NaN,NaN,NaN,NaN,NaN,NaN,NaN,NaN,NaN,NaN,-2.42349708454578,-1.49994339188301,-1.85289514247253,-1.32118699378219,-1.92777054259031,NaN,NaN,NaN,NaN,NaN,NaN,NaN,NaN,NaN,NaN,NaN,NaN,NaN,NaN,NaN,NaN,NaN,NaN
22-May-2025,NaN,NaN,NaN,NaN,NaN,NaN,NaN,NaN,NaN,NaN,NaN,-0.796816964917685,-0.344569723049759,-0.467905518099121,0.298910617373318,-1.47061473896954,NaN,NaN,NaN,NaN,NaN,NaN,NaN,NaN,NaN,NaN,NaN,NaN,NaN,NaN,NaN,NaN,NaN,NaN
23-May-2025,NaN,NaN,NaN,NaN,NaN,NaN,NaN,NaN,NaN,NaN,NaN,-0.218420181484113,0.392355989363,0.297081359697904,-1.37655708732794,0.982808893626269,NaN,NaN,NaN,NaN,NaN,NaN,NaN,NaN,NaN,NaN,NaN,NaN,NaN,NaN,NaN,NaN,NaN,NaN
27-May-2025,NaN,NaN,NaN,NaN,NaN,NaN,NaN,NaN,NaN,NaN,NaN,1.44720326085345,2.42685523348208,0.877294324484542,2.52195025934683,0.973243691823105,NaN,NaN,NaN,NaN,NaN,NaN,NaN,NaN,NaN,NaN,NaN,NaN,NaN,NaN,NaN,NaN,NaN,NaN
28-May-2025,NaN,NaN,NaN,NaN,NaN,NaN,NaN,NaN,NaN,NaN,NaN,-0.576370471675013,0.19564736648538,-1.14506736040877,-0.321384755990435,-1.46344075184378,NaN,NaN,NaN,NaN,NaN,NaN,NaN,NaN,NaN,NaN,NaN,NaN,NaN,NaN,NaN,NaN,NaN,NaN
29-May-2025,NaN,NaN,NaN,NaN,NaN,NaN,NaN,NaN,NaN,NaN,NaN,0.863314714470288,0.388220435726723,0.597478933758607,0.425565471583581,0.734397425575851,NaN,NaN,NaN,NaN,NaN,NaN,NaN,NaN,NaN,NaN,NaN,NaN,NaN,NaN,NaN,NaN,NaN,NaN
30-May-2025,NaN,NaN,NaN,NaN,NaN,NaN,NaN,NaN,NaN,NaN,NaN,0.286123228103219,0.561536756319858,-0.638512992602731,-0.309508359633558,0.97088141269609,NaN,NaN,NaN,NaN,NaN,NaN,NaN,NaN,NaN,NaN,NaN,NaN,NaN,NaN,NaN,NaN,NaN,NaN
02-Jun-2025,NaN,NaN,NaN,NaN,NaN,NaN,NaN,NaN,NaN,NaN,NaN,0.0714030733656973,0.507998123038088,1.14408552503643,0.898451723900101,0.241254640538393,NaN,NaN,NaN,NaN,NaN,NaN,NaN,NaN,NaN,NaN,NaN,NaN,NaN,NaN,NaN,NaN,NaN,NaN
03-Jun-2025,NaN,NaN,NaN,NaN,NaN,NaN,NaN,NaN,NaN,NaN,NaN,0.213903824874944,0.610822423519682,1.2213716375458,1.04143529186714,0.240674003056506,NaN,NaN,NaN,NaN,NaN,NaN,NaN,NaN,NaN,NaN,NaN,NaN,NaN,NaN,NaN,NaN,NaN,NaN
04-Jun-2025,NaN,NaN,NaN,NaN,NaN,NaN,NaN,NaN,NaN,NaN,NaN,0.284495213223134,0.472761976368821,-1.85957115058686,0.565628287224548,-1.69701042184616,NaN,NaN,NaN,NaN,NaN,NaN,NaN,NaN,NaN,NaN,NaN,NaN,NaN,NaN,NaN,NaN,NaN,NaN
05-Jun-2025,NaN,NaN,NaN,NaN,NaN,NaN,NaN,NaN,NaN,NaN,NaN,-0.0710479603598674,0.00847640376121809,-0.0787849649015652,-0.348085064916831,-0.244798163864,NaN,NaN,NaN,NaN,NaN,NaN,NaN,NaN,NaN,NaN,NaN,NaN,NaN,NaN,NaN,NaN,NaN,NaN
06-Jun-2025,NaN,NaN,NaN,NaN,NaN,NaN,NaN,NaN,NaN,NaN,NaN,0.84926200456536,0.971677861957244,1.92690316562552,1.05280821578659,0.488998529419177,NaN,NaN,NaN,NaN,NaN,NaN,NaN,NaN,NaN,NaN,NaN,NaN,NaN,NaN,NaN,NaN,NaN,NaN
09-Jun-2025,NaN,NaN,NaN,NaN,NaN,NaN,NaN,NaN,NaN,NaN,NaN,-0.141043746936228,0.388546983740539,0.0243359507610765,0.287332163576933,-0.734397425575851,NaN,NaN,NaN,NaN,NaN,NaN,NaN,NaN,NaN,NaN,NaN,NaN,NaN,NaN,NaN,NaN,NaN,NaN
10-Jun-2025,NaN,NaN,NaN,NaN,NaN,NaN,NaN,NaN,NaN,NaN,NaN,1.12281881374914,-1.94491139672912,1.71710926819118,0.557050431229856,0.245398896156679,NaN,NaN,NaN,NaN,NaN,NaN,NaN,NaN,NaN,NaN,NaN,NaN,NaN,NaN,NaN,NaN,NaN,NaN
11-Jun-2025,NaN,NaN,NaN,NaN,NaN,NaN,NaN,NaN,NaN,NaN,NaN,0,0.853516149218391,1.54691195439368,-0.418482702945452,0,NaN,NaN,NaN,NaN,NaN,NaN,NaN,NaN,NaN,NaN,NaN,NaN,NaN,NaN,NaN,NaN,NaN,NaN
12-Jun-2025,NaN,NaN,NaN,NaN,NaN,NaN,NaN,NaN,NaN,NaN,NaN,0.695413094569908,-0.634295907997629,0.411995439744338,0.697247466077824,1.2180418556871,NaN,NaN,NaN,NaN,NaN,NaN,NaN,NaN,NaN,NaN,NaN,NaN,NaN,NaN,NaN,NaN,NaN,NaN
13-Jun-2025,NaN,NaN,NaN,NaN,NaN,NaN,NaN,NaN,NaN,NaN,NaN,-0.555943058014943,0.381297253805942,1.75737026348064,-1.44011246883361,-0.729043326267923,NaN,NaN,NaN,NaN,NaN,NaN,NaN,NaN,NaN,NaN,NaN,NaN,NaN,NaN,NaN,NaN,NaN,NaN
16-Jun-2025,NaN,NaN,NaN,NaN,NaN,NaN,NaN,NaN,NaN,NaN,NaN,-0.349040493976849,-0.487868812199797,-0.338129476630265,1.59359135298576,-0.488998529419179,NaN,NaN,NaN,NaN,NaN,NaN,NaN,NaN,NaN,NaN,NaN,NaN,NaN,NaN,NaN,NaN,NaN,NaN
17-Jun-2025,NaN,NaN,NaN,NaN,NaN,NaN,NaN,NaN,NaN,NaN,NaN,-1.6214666139564,0.471950033507587,0.808788590775396,-0.67648551325312,-0.738010729762253,NaN,NaN,NaN,NaN,NaN,NaN,NaN,NaN,NaN,NaN,NaN,NaN,NaN,NaN,NaN,NaN,NaN,NaN
18-Jun-2025,NaN,NaN,NaN,NaN,NaN,NaN,NaN,NaN,NaN,NaN,NaN,-0.142247534654288,-0.686473643518383,-0.641617881462491,0.144033018994973,0.246609249519347,NaN,NaN,NaN,NaN,NaN,NaN,NaN,NaN,NaN,NaN,NaN,NaN,NaN,NaN,NaN,NaN,NaN,NaN
20-Jun-2025,NaN,NaN,NaN,NaN,NaN,NaN,NaN,NaN,NaN,NaN,NaN,-0.4279607102365,0.934168003096811,0.962234601848419,-0.698065899913319,0.24600258408624,NaN,NaN,NaN,NaN,NaN,NaN,NaN,NaN,NaN,NaN,NaN,NaN,NaN,NaN,NaN,NaN,NaN,NaN
23-Jun-2025,NaN,NaN,NaN,NaN,NaN,NaN,NaN,NaN,NaN,NaN,NaN,0.142857167152591,1.41778137656495,-2.56244395936507,0.890955693426494,1.22101639069313,NaN,NaN,NaN,NaN,NaN,NaN,NaN,NaN,NaN,NaN,NaN,NaN,NaN,NaN,NaN,NaN,NaN,NaN
24-Jun-2025,NaN,NaN,NaN,NaN,NaN,NaN,NaN,NaN,NaN,NaN,NaN,1.20611607550657,-0.62884003482962,-1.25386092535576,1.62864253629176,0.484262447578799,NaN,NaN,NaN,NaN,NaN,NaN,NaN,NaN,NaN,NaN,NaN,NaN,NaN,NaN,NaN,NaN,NaN,NaN
25-Jun-2025,NaN,NaN,NaN,NaN,NaN,NaN,NaN,NaN,NaN,NaN,NaN,0.070497006796996,0.0377200330655031,-0.516934573187104,1.10494422315104,-1.45987994211526,NaN,NaN,NaN,NaN,NaN,NaN,NaN,NaN,NaN,NaN,NaN,NaN,NaN,NaN,NaN,NaN,NaN,NaN
26-Jun-2025,NaN,NaN,NaN,NaN,NaN,NaN,NaN,NaN,NaN,NaN,NaN,0.211193320314355,1.38684636294029,1.52072456088188,0.916821162689308,0.975617494536466,NaN,NaN,NaN,NaN,NaN,NaN,NaN,NaN,NaN,NaN,NaN,NaN,NaN,NaN,NaN,NaN,NaN,NaN
27-Jun-2025,NaN,NaN,NaN,NaN,NaN,NaN,NaN,NaN,NaN,NaN,NaN,-0.140745976787972,1.61597396001625,-0.534007774166165,0.371038421661938,0.242424361150648,NaN,NaN,NaN,NaN,NaN,NaN,NaN,NaN,NaN,NaN,NaN,NaN,NaN,NaN,NaN,NaN,NaN,NaN
30-Jun-2025,NaN,NaN,NaN,NaN,NaN,NaN,NaN,NaN,NaN,NaN,NaN,0.561799230422327,0.585295257768139,-0.514505558462119,0.794082775986058,0.241838086428165,NaN,NaN,NaN,NaN,NaN,NaN,NaN,NaN,NaN,NaN,NaN,NaN,NaN,NaN,NaN,NaN,NaN,NaN
01-Jul-2025,NaN,NaN,NaN,NaN,NaN,NaN,NaN,NaN,NaN,NaN,NaN,1.32175837319541,-1.90174914337232,0.646538961241749,-1.23121893955232,0.481928643594892,NaN,NaN,NaN,NaN,NaN,NaN,NaN,NaN,NaN,NaN,NaN,NaN,NaN,NaN,NaN,NaN,NaN,NaN
02-Jul-2025,NaN,NaN,NaN,NaN,NaN,NaN,NaN,NaN,NaN,NaN,NaN,-0.832759843776243,-0.126364602584046,1.70348733196433,1.16348142982277,-0.966191091173686,NaN,NaN,NaN,NaN,NaN,NaN,NaN,NaN,NaN,NaN,NaN,NaN,NaN,NaN,NaN,NaN,NaN,NaN
03-Jul-2025,NaN,NaN,NaN,NaN,NaN,NaN,NaN,NaN,NaN,NaN,NaN,0.0696621414447914,1.14032829452828,0.2985870472032,1.21561088807994,0.725517088117202,NaN,NaN,NaN,NaN,NaN,NaN,NaN,NaN,NaN,NaN,NaN,NaN,NaN,NaN,NaN,NaN,NaN,NaN
07-Jul-2025,NaN,NaN,NaN,NaN,NaN,NaN,NaN,NaN,NaN,NaN,NaN,-0.979713924498327,0.548586478548543,-1.0345344535704,-0.813333265241648,0.240674003056506,NaN,NaN,NaN,NaN,NaN,NaN,NaN,NaN,NaN,NaN,NaN,NaN,NaN,NaN,NaN,NaN,NaN,NaN
08-Jul-2025,NaN,NaN,NaN,NaN,NaN,NaN,NaN,NaN,NaN,NaN,NaN,0.49105675666812,-0.640272058878761,2.50485108018735,0.225904060957805,-1.20920457650286,NaN,NaN,NaN,NaN,NaN,NaN,NaN,NaN,NaN,NaN,NaN,NaN,NaN,NaN,NaN,NaN,NaN,NaN
09-Jul-2025,NaN,NaN,NaN,NaN,NaN,NaN,NaN,NaN,NaN,NaN,NaN,0.488657167830209,1.12130047068581,-0.535350466152763,1.05781808575174,1.20920457650288,NaN,NaN,NaN,NaN,NaN,NaN,NaN,NaN,NaN,NaN,NaN,NaN,NaN,NaN,NaN,NaN,NaN,NaN
10-Jul-2025,NaN,NaN,NaN,NaN,NaN,NaN,NaN,NaN,NaN,NaN,NaN,0.624785093836295,-0.156040221749635,0.747084350299246,-0.173092345081312,0.718565966087453,NaN,NaN,NaN,NaN,NaN,NaN,NaN,NaN,NaN,NaN,NaN,NaN,NaN,NaN,NaN,NaN,NaN,NaN
11-Jul-2025,NaN,NaN,NaN,NaN,NaN,NaN,NaN,NaN,NaN,NaN,NaN,-0.973582099008167,0.627183884404873,0.468772769510327,-0.202012683616557,-0.238948739738147,NaN,NaN,NaN,NaN,NaN,NaN,NaN,NaN,NaN,NaN,NaN,NaN,NaN,NaN,NaN,NaN,NaN,NaN
14-Jul-2025,NaN,NaN,NaN,NaN,NaN,NaN,NaN,NaN,NaN,NaN,NaN,0,2.0062355464439,-1.09993539442212,-0.036413579500965,0.477327875265759,NaN,NaN,NaN,NaN,NaN,NaN,NaN,NaN,NaN,NaN,NaN,NaN,NaN,NaN,NaN,NaN,NaN,NaN
15-Jul-2025,NaN,NaN,NaN,NaN,NaN,NaN,NaN,NaN,NaN,NaN,NaN,-1.976069945399,-0.206113181343305,-1.37542182401184,0.950705212566198,-0.956945101615067,NaN,NaN,NaN,NaN,NaN,NaN,NaN,NaN,NaN,NaN,NaN,NaN,NaN,NaN,NaN,NaN,NaN,NaN
16-Jul-2025,NaN,NaN,NaN,NaN,NaN,NaN,NaN,NaN,NaN,NaN,NaN,1.20440704928454,0.691561458554297,-0.952388151125537,0.207219862269016,0,NaN,NaN,NaN,NaN,NaN,NaN,NaN,NaN,NaN,NaN,NaN,NaN,NaN,NaN,NaN,NaN,NaN,NaN
17-Jul-2025,NaN,NaN,NaN,NaN,NaN,NaN,NaN,NaN,NaN,NaN,NaN,-1.06195688274603,0.625772964042287,0.508885952680311,0.756153411212289,0.479617226349301,NaN,NaN,NaN,NaN,NaN,NaN,NaN,NaN,NaN,NaN,NaN,NaN,NaN,NaN,NaN,NaN,NaN,NaN
18-Jul-2025,NaN,NaN,NaN,NaN,NaN,NaN,NaN,NaN,NaN,NaN,NaN,-0.714288751238011,0.152023070604736,-0.686918942699306,0.0222638735917386,1.66077363996605,NaN,NaN,NaN,NaN,NaN,NaN,NaN,NaN,NaN,NaN,NaN,NaN,NaN,NaN,NaN,NaN,NaN,NaN
21-Jul-2025,NaN,NaN,NaN,NaN,NaN,NaN,NaN,NaN,NaN,NaN,NaN,-0.647251450561748,-0.776028412187575,-1.27197227632282,0.427874026539872,0.235017734495367,NaN,NaN,NaN,NaN,NaN,NaN,NaN,NaN,NaN,NaN,NaN,NaN,NaN,NaN,NaN,NaN,NaN,NaN
22-Jul-2025,NaN,NaN,NaN,NaN,NaN,NaN,NaN,NaN,NaN,NaN,NaN,2.00006667066694,-1.18630740341293,0.534391292730977,-0.956163185750315,1.39862419747399,NaN,NaN,NaN,NaN,NaN,NaN,NaN,NaN,NaN,NaN,NaN,NaN,NaN,NaN,NaN,NaN,NaN,NaN
23-Jul-2025,NaN,NaN,NaN,NaN,NaN,NaN,NaN,NaN,NaN,NaN,NaN,1.89147495430041,2.41058097237286,1.46839025603604,0.641732019529304,-0.930239266231356,NaN,NaN,NaN,NaN,NaN,NaN,NaN,NaN,NaN,NaN,NaN,NaN,NaN,NaN,NaN,NaN,NaN,NaN
24-Jul-2025,NaN,NaN,NaN,NaN,NaN,NaN,NaN,NaN,NaN,NaN,NaN,-0.347584639135254,-0.116454273134637,0.800353913103133,0.63275853220376,-0.233918235317227,NaN,NaN,NaN,NaN,NaN,NaN,NaN,NaN,NaN,NaN,NaN,NaN,NaN,NaN,NaN,NaN,NaN,NaN
25-Jul-2025,NaN,NaN,NaN,NaN,NaN,NaN,NaN,NaN,NaN,NaN,NaN,0.486280916570131,0.813203292855636,-0.382988181183807,0.232250883913366,0.467290569939242,NaN,NaN,NaN,NaN,NaN,NaN,NaN,NaN,NaN,NaN,NaN,NaN,NaN,NaN,NaN,NaN,NaN,NaN
28-Jul-2025,NaN,NaN,NaN,NaN,NaN,NaN,NaN,NaN,NaN,NaN,NaN,-0.765221125327993,-0.146398776452713,1.19183156147879,0.677113096798096,-1.17234636960593,NaN,NaN,NaN,NaN,NaN,NaN,NaN,NaN,NaN,NaN,NaN,NaN,NaN,NaN,NaN,NaN,NaN,NaN
29-Jul-2025,NaN,NaN,NaN,NaN,NaN,NaN,NaN,NaN,NaN,NaN,NaN,-0.771121942349024,-0.408374860638352,0.949491094761637,-0.244463061649627,1.17234636960592,NaN,NaN,NaN,NaN,NaN,NaN,NaN,NaN,NaN,NaN,NaN,NaN,NaN,NaN,NaN,NaN,NaN,NaN
30-Jul-2025,NaN,NaN,NaN,NaN,NaN,NaN,NaN,NaN,NaN,NaN,NaN,-0.0703977501794269,0.731681797744184,-1.35648215785131,0.364817932165418,0.696866931609344,NaN,NaN,NaN,NaN,NaN,NaN,NaN,NaN,NaN,NaN,NaN,NaN,NaN,NaN,NaN,NaN,NaN,NaN
31-Jul-2025,NaN,NaN,NaN,NaN,NaN,NaN,NaN,NaN,NaN,NaN,NaN,-2.64018189305482,-1.02775363079648,-0.577490411821661,0.293409297796349,0.692044284457376,NaN,NaN,NaN,NaN,NaN,NaN,NaN,NaN,NaN,NaN,NaN,NaN,NaN,NaN,NaN,NaN,NaN,NaN
01-Aug-2025,NaN,NaN,NaN,NaN,NaN,NaN,NaN,NaN,NaN,NaN,NaN,0.504869445997929,-0.389310086485165,-1.70561366242097,-2.18575190493851,0,NaN,NaN,NaN,NaN,NaN,NaN,NaN,NaN,NaN,NaN,NaN,NaN,NaN,NaN,NaN,NaN,NaN,NaN
04-Aug-2025,NaN,NaN,NaN,NaN,NaN,NaN,NaN,NaN,NaN,NaN,NaN,1.42859572474764,1.06568915978438,-0.342972530457203,2.34764048801017,1.82237389564517,NaN,NaN,NaN,NaN,NaN,NaN,NaN,NaN,NaN,NaN,NaN,NaN,NaN,NaN,NaN,NaN,NaN,NaN
05-Aug-2025,NaN,NaN,NaN,NaN,NaN,NaN,NaN,NaN,NaN,NaN,NaN,-0.355240160436777,-0.16475157965069,0.129273514851183,-0.896202218174715,-1.13508596686896,NaN,NaN,NaN,NaN,NaN,NaN,NaN,NaN,NaN,NaN,NaN,NaN,NaN,NaN,NaN,NaN,NaN,NaN
06-Aug-2025,NaN,NaN,NaN,NaN,NaN,NaN,NaN,NaN,NaN,NaN,NaN,-1.50594455902313,-0.138685507962004,-0.926669111092154,1.28011331015892,-0.917437627604127,NaN,NaN,NaN,NaN,NaN,NaN,NaN,NaN,NaN,NaN,NaN,NaN,NaN,NaN,NaN,NaN,NaN,NaN
07-Aug-2025,NaN,NaN,NaN,NaN,NaN,NaN,NaN,NaN,NaN,NaN,NaN,-1.01671173554443,-0.182545319442137,-0.418692830720999,0.270592200080782,1.14548789747664,NaN,NaN,NaN,NaN,NaN,NaN,NaN,NaN,NaN,NaN,NaN,NaN,NaN,NaN,NaN,NaN,NaN,NaN
08-Aug-2025,NaN,NaN,NaN,NaN,NaN,NaN,NaN,NaN,NaN,NaN,NaN,0.872098550544464,-0.27308635399032,0.544799786117282,1.22949192927409,-0.456621797958119,NaN,NaN,NaN,NaN,NaN,NaN,NaN,NaN,NaN,NaN,NaN,NaN,NaN,NaN,NaN,NaN,NaN,NaN
11-Aug-2025,NaN,NaN,NaN,NaN,NaN,NaN,NaN,NaN,NaN,NaN,NaN,0.0723327337143026,-0.0739396714974287,-0.815493179848821,-0.53265643396906,-0.458716400690604,NaN,NaN,NaN,NaN,NaN,NaN,NaN,NaN,NaN,NaN,NaN,NaN,NaN,NaN,NaN,NaN,NaN,NaN
12-Aug-2025,NaN,NaN,NaN,NaN,NaN,NaN,NaN,NaN,NaN,NaN,NaN,0.863936259070786,0.960028403086416,0.529422112100108,1.50026516558082,0.458716400690614,NaN,NaN,NaN,NaN,NaN,NaN,NaN,NaN,NaN,NaN,NaN,NaN,NaN,NaN,NaN,NaN,NaN,NaN
13-Aug-2025,NaN,NaN,NaN,NaN,NaN,NaN,NaN,NaN,NaN,NaN,NaN,1.63530128366068,-0.713005296495157,1.13662975250492,-0.282343041961644,0.228571528085608,NaN,NaN,NaN,NaN,NaN,NaN,NaN,NaN,NaN,NaN,NaN,NaN,NaN,NaN,NaN,NaN,NaN,NaN
14-Aug-2025,NaN,NaN,NaN,NaN,NaN,NaN,NaN,NaN,NaN,NaN,NaN,0.422238487984826,-0.43255556193638,-0.154236317788831,-0.0343000691831791,-0.687287928776206,NaN,NaN,NaN,NaN,NaN,NaN,NaN,NaN,NaN,NaN,NaN,NaN,NaN,NaN,NaN,NaN,NaN,NaN
15-Aug-2025,NaN,NaN,NaN,NaN,NaN,NaN,NaN,NaN,NaN,NaN,NaN,1.67134809737405,-0.488395706982084,-0.194872142067791,-0.505374925461121,-0.460830308619422,NaN,NaN,NaN,NaN,NaN,NaN,NaN,NaN,NaN,NaN,NaN,NaN,NaN,NaN,NaN,NaN,NaN,NaN
18-Aug-2025,NaN,NaN,NaN,NaN,NaN,NaN,NaN,NaN,NaN,NaN,NaN,-0.207397239912915,0.459003779746403,-0.45944988827949,-0.0924435245245433,-0.46296378987421,NaN,NaN,NaN,NaN,NaN,NaN,NaN,NaN,NaN,NaN,NaN,NaN,NaN,NaN,NaN,NaN,NaN,NaN
19-Aug-2025,NaN,NaN,NaN,NaN,NaN,NaN,NaN,NaN,NaN,NaN,NaN,0.552106302375045,-1.4398372208922,-0.256476878993535,-1.90563120223999,0.923794098493636,NaN,NaN,NaN,NaN,NaN,NaN,NaN,NaN,NaN,NaN,NaN,NaN,NaN,NaN,NaN,NaN,NaN,NaN
20-Aug-2025,NaN,NaN,NaN,NaN,NaN,NaN,NaN,NaN,NaN,NaN,NaN,0.549074818041659,0.543737811670548,0.849594289263555,-0.766672708269404,0.229621226035016,NaN,NaN,NaN,NaN,NaN,NaN,NaN,NaN,NaN,NaN,NaN,NaN,NaN,NaN,NaN,NaN,NaN,NaN
21-Aug-2025,NaN,NaN,NaN,NaN,NaN,NaN,NaN,NaN,NaN,NaN,NaN,-0.342818299406816,0.33927161768334,0.626961301359562,-0.379408195817317,-0.690451534654449,NaN,NaN,NaN,NaN,NaN,NaN,NaN,NaN,NaN,NaN,NaN,NaN,NaN,NaN,NaN,NaN,NaN,NaN
22-Aug-2025,NaN,NaN,NaN,NaN,NaN,NaN,NaN,NaN,NaN,NaN,NaN,0.956945101615067,0.45753339125247,1.99056499260047,1.61831667972769,0.460830308619418,NaN,NaN,NaN,NaN,NaN,NaN,NaN,NaN,NaN,NaN,NaN,NaN,NaN,NaN,NaN,NaN,NaN,NaN
25-Aug-2025,NaN,NaN,NaN,NaN,NaN,NaN,NaN,NaN,NaN,NaN,NaN,-1.50791068271203,-0.227948368153735,0.292358292753362,0.00377797591208227,-1.1560822401076,NaN,NaN,NaN,NaN,NaN,NaN,NaN,NaN,NaN,NaN,NaN,NaN,NaN,NaN,NaN,NaN,NaN,NaN
26-Aug-2025,NaN,NaN,NaN,NaN,NaN,NaN,NaN,NaN,NaN,NaN,NaN,0.619623324954318,2.31414551348097,-0.197518902913641,0.390626969573769,0.232288141613973,NaN,NaN,NaN,NaN,NaN,NaN,NaN,NaN,NaN,NaN,NaN,NaN,NaN,NaN,NaN,NaN,NaN,NaN
27-Aug-2025,NaN,NaN,NaN,NaN,NaN,NaN,NaN,NaN,NaN,NaN,NaN,0,-0.376388914350428,1.088255541256,0.412220468544113,0,NaN,NaN,NaN,NaN,NaN,NaN,NaN,NaN,NaN,NaN,NaN,NaN,NaN,NaN,NaN,NaN,NaN,NaN
28-Aug-2025,NaN,NaN,NaN,NaN,NaN,NaN,NaN,NaN,NaN,NaN,NaN,-0.412655331101698,0.503012694236303,0.727402122211836,0.909539204988493,-0.932407687512329,NaN,NaN,NaN,NaN,NaN,NaN,NaN,NaN,NaN,NaN,NaN,NaN,NaN,NaN,NaN,NaN,NaN,NaN
29-Aug-2025,NaN,NaN,NaN,NaN,NaN,NaN,NaN,NaN,NaN,NaN,NaN,0.618346181819436,-0.864084949248511,0.461716864880284,-1.4607173627592,-0.234466695925413,NaN,NaN,NaN,NaN,NaN,NaN,NaN,NaN,NaN,NaN,NaN,NaN,NaN,NaN,NaN,NaN,NaN,NaN
02-Sep-2025,NaN,NaN,NaN,NaN,NaN,NaN,NaN,NaN,NaN,NaN,NaN,0.273597981887485,-0.228146348345824,0.278914398168451,-0.913603301872266,-0.470589103741262,NaN,NaN,NaN,NaN,NaN,NaN,NaN,NaN,NaN,NaN,NaN,NaN,NaN,NaN,NaN,NaN,NaN,NaN
03-Sep-2025,NaN,NaN,NaN,NaN,NaN,NaN,NaN,NaN,NaN,NaN,NaN,-0.410678195265336,-0.83415763327953,-2.18457394825288,1.54108040283914,-0.236127618567982,NaN,NaN,NaN,NaN,NaN,NaN,NaN,NaN,NaN,NaN,NaN,NaN,NaN,NaN,NaN,NaN,NaN,NaN
04-Sep-2025,NaN,NaN,NaN,NaN,NaN,NaN,NaN,NaN,NaN,NaN,NaN,0.342348845152074,0.785876395435066,0.632113356337051,0.643286676998493,0,NaN,NaN,NaN,NaN,NaN,NaN,NaN,NaN,NaN,NaN,NaN,NaN,NaN,NaN,NaN,NaN,NaN,NaN
05-Sep-2025,NaN,NaN,NaN,NaN,NaN,NaN,NaN,NaN,NaN,NaN,NaN,0.409277515375298,-0.195300276906717,-1.96176305330954,0.0738930642335139,-0.473934536389656,NaN,NaN,NaN,NaN,NaN,NaN,NaN,NaN,NaN,NaN,NaN,NaN,NaN,NaN,NaN,NaN,NaN,NaN
08-Sep-2025,NaN,NaN,NaN,NaN,NaN,NaN,NaN,NaN,NaN,NaN,NaN,-0.0680966999416458,-0.25537514114408,-0.195706830771412,0.573538426041402,-0.954661188358,NaN,NaN,NaN,NaN,NaN,NaN,NaN,NaN,NaN,NaN,NaN,NaN,NaN,NaN,NaN,NaN,NaN,NaN
09-Sep-2025,NaN,NaN,NaN,NaN,NaN,NaN,NaN,NaN,NaN,NaN,NaN,0.611207335691892,-0.747290096321284,0.509678831238203,0.38680009976121,0.71684894786125,NaN,NaN,NaN,NaN,NaN,NaN,NaN,NaN,NaN,NaN,NaN,NaN,NaN,NaN,NaN,NaN,NaN,NaN
10-Sep-2025,NaN,NaN,NaN,NaN,NaN,NaN,NaN,NaN,NaN,NaN,NaN,-1.0207642221656,1.42998955129571,1.7496308783329,1.2453813525592,1.65293019512105,NaN,NaN,NaN,NaN,NaN,NaN,NaN,NaN,NaN,NaN,NaN,NaN,NaN,NaN,NaN,NaN,NaN,NaN
11-Sep-2025,NaN,NaN,NaN,NaN,NaN,NaN,NaN,NaN,NaN,NaN,NaN,1.69553061504312,0.519727198319237,-0.0643078223150832,0.222576725216417,0.467290569939242,NaN,NaN,NaN,NaN,NaN,NaN,NaN,NaN,NaN,NaN,NaN,NaN,NaN,NaN,NaN,NaN,NaN,NaN
12-Sep-2025,NaN,NaN,NaN,NaN,NaN,NaN,NaN,NaN,NaN,NaN,NaN,-1.14982666873731,-0.320145890237769,-0.595467883135094,0.432231501810811,0.465117117573088,NaN,NaN,NaN,NaN,NaN,NaN,NaN,NaN,NaN,NaN,NaN,NaN,NaN,NaN,NaN,NaN,NaN,NaN
15-Sep-2025,NaN,NaN,NaN,NaN,NaN,NaN,NaN,NaN,NaN,NaN,NaN,-0.956945101615067,1.18512507706695,-0.36196689979924,1.25562896229756,0.231749814036248,NaN,NaN,NaN,NaN,NaN,NaN,NaN,NaN,NaN,NaN,NaN,NaN,NaN,NaN,NaN,NaN,NaN,NaN
16-Sep-2025,NaN,NaN,NaN,NaN,NaN,NaN,NaN,NaN,NaN,NaN,NaN,0.0686577438573552,0.400420104402743,1.69049855989532,-0.342890838558974,-1.86921330121525,NaN,NaN,NaN,NaN,NaN,NaN,NaN,NaN,NaN,NaN,NaN,NaN,NaN,NaN,NaN,NaN,NaN,NaN
17-Sep-2025,NaN,NaN,NaN,NaN,NaN,NaN,NaN,NaN,NaN,NaN,NaN,0.20569085071774,-0.728080350363875,0.251127881594859,-0.662774682138931,0.235571369245898,NaN,NaN,NaN,NaN,NaN,NaN,NaN,NaN,NaN,NaN,NaN,NaN,NaN,NaN,NaN,NaN,NaN,NaN
18-Sep-2025,NaN,NaN,NaN,NaN,NaN,NaN,NaN,NaN,NaN,NaN,NaN,0.273597981887485,1.31900456557893,-0.405572179216865,1.3081427493492,0.235017734495367,NaN,NaN,NaN,NaN,NaN,NaN,NaN,NaN,NaN,NaN,NaN,NaN,NaN,NaN,NaN,NaN,NaN,NaN
19-Sep-2025,NaN,NaN,NaN,NaN,NaN,NaN,NaN,NaN,NaN,NaN,NaN,-0.1367054211533,0.23396217056992,-1.28604906438665,1.05416294503519,0.468384931242644,NaN,NaN,NaN,NaN,NaN,NaN,NaN,NaN,NaN,NaN,NaN,NaN,NaN,NaN,NaN,NaN,NaN,NaN
22-Sep-2025,NaN,NaN,NaN,NaN,NaN,NaN,NaN,NaN,NaN,NaN,NaN,0,0.404509162571299,-0.0972250431052819,1.17429318771544,0.930239266231341,NaN,NaN,NaN,NaN,NaN,NaN,NaN,NaN,NaN,NaN,NaN,NaN,NaN,NaN,NaN,NaN,NaN,NaN
23-Sep-2025,NaN,NaN,NaN,NaN,NaN,NaN,NaN,NaN,NaN,NaN,NaN,0.0683760710400406,0.97786699183688,1.68395418980549,-1.09242662563185,0.692044284457376,NaN,NaN,NaN,NaN,NaN,NaN,NaN,NaN,NaN,NaN,NaN,NaN,NaN,NaN,NaN,NaN,NaN,NaN
24-Sep-2025,NaN,NaN,NaN,NaN,NaN,NaN,NaN,NaN,NaN,NaN,NaN,-0.410959482491947,-1.31729931212794,1.20557364141454,-0.599951235411694,0.687287928776205,NaN,NaN,NaN,NaN,NaN,NaN,NaN,NaN,NaN,NaN,NaN,NaN,NaN,NaN,NaN,NaN,NaN,NaN
25-Sep-2025,NaN,NaN,NaN,NaN,NaN,NaN,NaN,NaN,NaN,NaN,NaN,-1.59117850356392,-0.262138018615278,0.84691996559001,-0.153091576166035,-0.917437627604127,NaN,NaN,NaN,NaN,NaN,NaN,NaN,NaN,NaN,NaN,NaN,NaN,NaN,NaN,NaN,NaN,NaN,NaN
26-Sep-2025,NaN,NaN,NaN,NaN,NaN,NaN,NaN,NaN,NaN,NaN,NaN,0.971555178609598,1.21934522053111,0.906894681312761,0.153209520931306,1.3730192811902,NaN,NaN,NaN,NaN,NaN,NaN,NaN,NaN,NaN,NaN,NaN,NaN,NaN,NaN,NaN,NaN,NaN,NaN
29-Sep-2025,NaN,NaN,NaN,NaN,NaN,NaN,NaN,NaN,NaN,NaN,NaN,0.275862243907966,-0.127357395849044,-1.90355460027447,0.301718681527958,0.453515516539136,NaN,NaN,NaN,NaN,NaN,NaN,NaN,NaN,NaN,NaN,NaN,NaN,NaN,NaN,NaN,NaN,NaN,NaN
30-Sep-2025,NaN,NaN,NaN,NaN,NaN,NaN,NaN,NaN,NaN,NaN,NaN,2.3146029892963,1.9100990177486,-1.03192454268087,0.497925171854396,0.22598879674375,NaN,NaN,NaN,NaN,NaN,NaN,NaN,NaN,NaN,NaN,NaN,NaN,NaN,NaN,NaN,NaN,NaN,NaN
01-Oct-2025,NaN,NaN,NaN,NaN,NaN,NaN,NaN,NaN,NaN,NaN,NaN,2.91797891087767,-0.0399087260824024,0.051783545939963,0.534686373256121,0.898882456843328,NaN,NaN,NaN,NaN,NaN,NaN,NaN,NaN,NaN,NaN,NaN,NaN,NaN,NaN,NaN,NaN,NaN,NaN
02-Oct-2025,NaN,NaN,NaN,NaN,NaN,NaN,NaN,NaN,NaN,NaN,NaN,-0.130804466001534,0.0046848591594518,-1.05287307411848,0.631928480645236,-0.22396425935048,NaN,NaN,NaN,NaN,NaN,NaN,NaN,NaN,NaN,NaN,NaN,NaN,NaN,NaN,NaN,NaN,NaN,NaN
03-Oct-2025,NaN,NaN,NaN,NaN,NaN,NaN,NaN,NaN,NaN,NaN,NaN,1.10642196053801,0.211817090809592,0.648515039224513,-0.437295588109152,1.11483874826142,NaN,NaN,NaN,NaN,NaN,NaN,NaN,NaN,NaN,NaN,NaN,NaN,NaN,NaN,NaN,NaN,NaN,NaN
06-Oct-2025,NaN,NaN,NaN,NaN,NaN,NaN,NaN,NaN,NaN,NaN,NaN,-0.45410392662565,1.37705415975306,0.493256954722412,0.771653317987129,0.8830079448272,NaN,NaN,NaN,NaN,NaN,NaN,NaN,NaN,NaN,NaN,NaN,NaN,NaN,NaN,NaN,NaN,NaN,NaN
07-Oct-2025,NaN,NaN,NaN,NaN,NaN,NaN,NaN,NaN,NaN,NaN,NaN,0.0649983773289986,0.198629201082743,0.111343825293884,-0.775951148338496,0.438597194325427,NaN,NaN,NaN,NaN,NaN,NaN,NaN,NaN,NaN,NaN,NaN,NaN,NaN,NaN,NaN,NaN,NaN,NaN
08-Oct-2025,NaN,NaN,NaN,NaN,NaN,NaN,NaN,NaN,NaN,NaN,NaN,0.194742028439563,0.97758759633932,-0.459429045689893,1.32252653592627,0.654309858893589,NaN,NaN,NaN,NaN,NaN,NaN,NaN,NaN,NaN,NaN,NaN,NaN,NaN,NaN,NaN,NaN,NaN,NaN
09-Oct-2025,NaN,NaN,NaN,NaN,NaN,NaN,NaN,NaN,NaN,NaN,NaN,-0.194742028439557,-1.82718545920806,-1.34386673399609,-0.0350841392334435,-0.217627942259552,NaN,NaN,NaN,NaN,NaN,NaN,NaN,NaN,NaN,NaN,NaN,NaN,NaN,NaN,NaN,NaN,NaN,NaN
10-Oct-2025,NaN,NaN,NaN,NaN,NaN,NaN,NaN,NaN,NaN,NaN,NaN,-1.57174158954097,-2.52897041264116,-2.98746273838912,-3.86772135953104,-0.43668191663404,NaN,NaN,NaN,NaN,NaN,NaN,NaN,NaN,NaN,NaN,NaN,NaN,NaN,NaN,NaN,NaN,NaN,NaN
13-Oct-2025,NaN,NaN,NaN,NaN,NaN,NaN,NaN,NaN,NaN,NaN,NaN,0,1.51203812749079,1.37337304684876,2.50114264844744,0.871465210244391,NaN,NaN,NaN,NaN,NaN,NaN,NaN,NaN,NaN,NaN,NaN,NaN,NaN,NaN,NaN,NaN,NaN,NaN
14-Oct-2025,NaN,NaN,NaN,NaN,NaN,NaN,NaN,NaN,NaN,NaN,NaN,0.263678465230342,0.766340526181526,-0.153652008498892,-1.40555371375133,0.863936259070786,NaN,NaN,NaN,NaN,NaN,NaN,NaN,NaN,NaN,NaN,NaN,NaN,NaN,NaN,NaN,NaN,NaN,NaN
15-Oct-2025,NaN,NaN,NaN,NaN,NaN,NaN,NaN,NaN,NaN,NaN,NaN,0.131578966351999,-1.4993034540309,0.0741116924524597,0.907454059459328,1.28206884290615,NaN,NaN,NaN,NaN,NaN,NaN,NaN,NaN,NaN,NaN,NaN,NaN,NaN,NaN,NaN,NaN,NaN,NaN
16-Oct-2025,NaN,NaN,NaN,NaN,NaN,NaN,NaN,NaN,NaN,NaN,NaN,0,-0.636227238590448,-1.2243670579431,0.0219621037774231,-1.06724598907719,NaN,NaN,NaN,NaN,NaN,NaN,NaN,NaN,NaN,NaN,NaN,NaN,NaN,NaN,NaN,NaN,NaN,NaN
17-Oct-2025,NaN,NaN,NaN,NaN,NaN,NaN,NaN,NaN,NaN,NaN,NaN,0.524591366976955,-0.132215561663484,0.68511904585357,0.427765006570952,-0.430108189939059,NaN,NaN,NaN,NaN,NaN,NaN,NaN,NaN,NaN,NaN,NaN,NaN,NaN,NaN,NaN,NaN,NaN,NaN
20-Oct-2025,NaN,NaN,NaN,NaN,NaN,NaN,NaN,NaN,NaN,NaN,NaN,1.10570232183051,1.76348305068849,0.974572933985106,1.21142699059132,0,NaN,NaN,NaN,NaN,NaN,NaN,NaN,NaN,NaN,NaN,NaN,NaN,NaN,NaN,NaN,NaN,NaN,NaN
21-Oct-2025,NaN,NaN,NaN,NaN,NaN,NaN,NaN,NaN,NaN,NaN,NaN,0.129282500230517,1.74863606990337,-0.184576313160239,-0.34820159025719,-0.865806274311454,NaN,NaN,NaN,NaN,NaN,NaN,NaN,NaN,NaN,NaN,NaN,NaN,NaN,NaN,NaN,NaN,NaN,NaN
22-Oct-2025,NaN,NaN,NaN,NaN,NaN,NaN,NaN,NaN,NaN,NaN,NaN,0.515465058866442,-1.39900573331572,1.21060266810128,-0.717132657194197,-0.43573053689557,NaN,NaN,NaN,NaN,NaN,NaN,NaN,NaN,NaN,NaN,NaN,NaN,NaN,NaN,NaN,NaN,NaN,NaN
23-Oct-2025,NaN,NaN,NaN,NaN,NaN,NaN,NaN,NaN,NaN,NaN,NaN,0.128452169235662,2.49281122416712,1.35097265947215,0.90007527254631,0,NaN,NaN,NaN,NaN,NaN,NaN,NaN,NaN,NaN,NaN,NaN,NaN,NaN,NaN,NaN,NaN,NaN,NaN
24-Oct-2025,NaN,NaN,NaN,NaN,NaN,NaN,NaN,NaN,NaN,NaN,NaN,-0.0642054596695227,0.51662536390156,-0.944838265957763,1.65684344527146,1.30153681120702,NaN,NaN,NaN,NaN,NaN,NaN,NaN,NaN,NaN,NaN,NaN,NaN,NaN,NaN,NaN,NaN,NaN,NaN
27-Oct-2025,NaN,NaN,NaN,NaN,NaN,NaN,NaN,NaN,NaN,NaN,NaN,0.32061585656329,0.882966350172395,0.333387414238996,2.16590224060628,0.215285336110109,NaN,NaN,NaN,NaN,NaN,NaN,NaN,NaN,NaN,NaN,NaN,NaN,NaN,NaN,NaN,NaN,NaN,NaN
28-Oct-2025,NaN,NaN,NaN,NaN,NaN,NaN,NaN,NaN,NaN,NaN,NaN,-0.706716722309244,-0.514778822169528,-1.08624119077931,1.21779239698633,-1.73540146931516,NaN,NaN,NaN,NaN,NaN,NaN,NaN,NaN,NaN,NaN,NaN,NaN,NaN,NaN,NaN,NaN,NaN,NaN
29-Oct-2025,NaN,NaN,NaN,NaN,NaN,NaN,NaN,NaN,NaN,NaN,NaN,-0.971824946892134,-0.0102459872697869,0.662594375689433,1.1018783584304,0,NaN,NaN,NaN,NaN,NaN,NaN,NaN,NaN,NaN,NaN,NaN,NaN,NaN,NaN,NaN,NaN,NaN,NaN
30-Oct-2025,NaN,NaN,NaN,NaN,NaN,NaN,NaN,NaN,NaN,NaN,NaN,0.130123635797173,-1.09754528273737,-0.68566133102148,-1.6505813972265,-0.438597194325433,NaN,NaN,NaN,NaN,NaN,NaN,NaN,NaN,NaN,NaN,NaN,NaN,NaN,NaN,NaN,NaN,NaN,NaN
31-Oct-2025,NaN,NaN,NaN,NaN,NaN,NaN,NaN,NaN,NaN,NaN,NaN,0,0.213997666831674,0.796116904093167,-0.282988492444281,-0.661523911871921,NaN,NaN,NaN,NaN,NaN,NaN,NaN,NaN,NaN,NaN,NaN,NaN,NaN,NaN,NaN,NaN,NaN,NaN
03-Nov-2025,NaN,NaN,NaN,NaN,NaN,NaN,NaN,NaN,NaN,NaN,NaN,0.0649983773289986,-0.345066234299142,-0.0942837201463875,0.292231612928329,0,NaN,NaN,NaN,NaN,NaN,NaN,NaN,NaN,NaN,NaN,NaN,NaN,NaN,NaN,NaN,NaN,NaN,NaN
04-Nov-2025,NaN,NaN,NaN,NaN,NaN,NaN,NaN,NaN,NaN,NaN,NaN,0.32435967458422,-1.45438327131254,-0.970887986088737,-2.34567262526924,-0.443459706786575,NaN,NaN,NaN,NaN,NaN,NaN,NaN,NaN,NaN,NaN,NaN,NaN,NaN,NaN,NaN,NaN,NaN,NaN
05-Nov-2025,NaN,NaN,NaN,NaN,NaN,NaN,NaN,NaN,NaN,NaN,NaN,0.452343259181736,-1.02752523733622,0.202537909150429,0.309066411824446,0,NaN,NaN,NaN,NaN,NaN,NaN,NaN,NaN,NaN,NaN,NaN,NaN,NaN,NaN,NaN,NaN,NaN,NaN
06-Nov-2025,NaN,NaN,NaN,NaN,NaN,NaN,NaN,NaN,NaN,NaN,NaN,0.128865997214835,-0.998784039933224,0.839744493694768,-1.81810415887017,-0.445435034938031,NaN,NaN,NaN,NaN,NaN,NaN,NaN,NaN,NaN,NaN,NaN,NaN,NaN,NaN,NaN,NaN,NaN,NaN
07-Nov-2025,NaN,NaN,NaN,NaN,NaN,NaN,NaN,NaN,NaN,NaN,NaN,0.128700146464746,0.756457382705646,1.49558730833887,-0.450088525216762,1.55041865359653,NaN,NaN,NaN,NaN,NaN,NaN,NaN,NaN,NaN,NaN,NaN,NaN,NaN,NaN,NaN,NaN,NaN,NaN
10-Nov-2025,NaN,NaN,NaN,NaN,NaN,NaN,NaN,NaN,NaN,NaN,NaN,0.768741774268638,0.902252536264806,0.947987030750495,2.73235593283427,-0.220022090960242,NaN,NaN,NaN,NaN,NaN,NaN,NaN,NaN,NaN,NaN,NaN,NaN,NaN,NaN,NaN,NaN,NaN,NaN
11-Nov-2025,NaN,NaN,NaN,NaN,NaN,NaN,NaN,NaN,NaN,NaN,NaN,2.27139102535321,-0.17004736122151,1.17053605035424,-0.636348811070704,0,NaN,NaN,NaN,NaN,NaN,NaN,NaN,NaN,NaN,NaN,NaN,NaN,NaN,NaN,NaN,NaN,NaN,NaN
12-Nov-2025,NaN,NaN,NaN,NaN,NaN,NaN,NaN,NaN,NaN,NaN,NaN,1.30153681120702,-0.50303971974281,-1.32571756492546,-0.190062750880731,0.220022090960234,NaN,NaN,NaN,NaN,NaN,NaN,NaN,NaN,NaN,NaN,NaN,NaN,NaN,NaN,NaN,NaN,NaN,NaN
13-Nov-2025,NaN,NaN,NaN,NaN,NaN,NaN,NaN,NaN,NaN,NaN,NaN,-0.18489989859472,-2.21296218692371,0.202477126157422,-2.39396142392859,-1.32745312086961,NaN,NaN,NaN,NaN,NaN,NaN,NaN,NaN,NaN,NaN,NaN,NaN,NaN,NaN,NaN,NaN,NaN,NaN
14-Nov-2025,NaN,NaN,NaN,NaN,NaN,NaN,NaN,NaN,NaN,NaN,NaN,-0.556759866910248,0.416459290943303,1.33083052304723,0.512252140402074,0,NaN,NaN,NaN,NaN,NaN,NaN,NaN,NaN,NaN,NaN,NaN,NaN,NaN,NaN,NaN,NaN,NaN,NaN
17-Nov-2025,NaN,NaN,NaN,NaN,NaN,NaN,NaN,NaN,NaN,NaN,NaN,-0.0620539889599256,-0.989210878470077,-1.81007518314216,-0.943519156291837,0.886923774077979,NaN,NaN,NaN,NaN,NaN,NaN,NaN,NaN,NaN,NaN,NaN,NaN,NaN,NaN,NaN,NaN,NaN,NaN
18-Nov-2025,NaN,NaN,NaN,NaN,NaN,NaN,NaN,NaN,NaN,NaN,NaN,0.557104504945543,-0.572306713975712,0.602633402745524,-1.45858934311202,-0.442478598035569,NaN,NaN,NaN,NaN,NaN,NaN,NaN,NaN,NaN,NaN,NaN,NaN,NaN,NaN,NaN,NaN,NaN,NaN
19-Nov-2025,NaN,NaN,NaN,NaN,NaN,NaN,NaN,NaN,NaN,NaN,NaN,-0.0617474548794676,0.202058012932949,-1.21688757466213,0.990400899100594,-0.890874488910955,NaN,NaN,NaN,NaN,NaN,NaN,NaN,NaN,NaN,NaN,NaN,NaN,NaN,NaN,NaN,NaN,NaN,NaN
20-Nov-2025,NaN,NaN,NaN,NaN,NaN,NaN,NaN,NaN,NaN,NaN,NaN,-0.61958066852519,-2.10292980116488,-1.14587647662156,-2.42271620373114,-0.448431244732858,NaN,NaN,NaN,NaN,NaN,NaN,NaN,NaN,NaN,NaN,NaN,NaN,NaN,NaN,NaN,NaN,NaN,NaN
21-Nov-2025,NaN,NaN,NaN,NaN,NaN,NaN,NaN,NaN,NaN,NaN,NaN,1.96929440977078,-0.359229745554094,0.522481227166487,0.492586618180324,0,NaN,NaN,NaN,NaN,NaN,NaN,NaN,NaN,NaN,NaN,NaN,NaN,NaN,NaN,NaN,NaN,NaN,NaN
24-Nov-2025,NaN,NaN,NaN,NaN,NaN,NaN,NaN,NaN,NaN,NaN,NaN,0.546947580453548,1.19776941609957,-0.195275989613997,3.0540830893369,1.11733005981253,NaN,NaN,NaN,NaN,NaN,NaN,NaN,NaN,NaN,NaN,NaN,NaN,NaN,NaN,NaN,NaN,NaN,NaN
25-Nov-2025,NaN,NaN,NaN,NaN,NaN,NaN,NaN,NaN,NaN,NaN,NaN,2.09902758918358,0.830276579518963,-0.624494209979737,0.4062032529871,-0.445435034938031,NaN,NaN,NaN,NaN,NaN,NaN,NaN,NaN,NaN,NaN,NaN,NaN,NaN,NaN,NaN,NaN,NaN,NaN
26-Nov-2025,NaN,NaN,NaN,NaN,NaN,NaN,NaN,NaN,NaN,NaN,NaN,-0.178200225356875,0.664951466568083,0.766307842501628,0.830244313966689,1.33039656263629,NaN,NaN,NaN,NaN,NaN,NaN,NaN,NaN,NaN,NaN,NaN,NaN,NaN,NaN,NaN,NaN,NaN,NaN
28-Nov-2025,NaN,NaN,NaN,NaN,NaN,NaN,NaN,NaN,NaN,NaN,NaN,-0.417039627372659,0.674928123448497,1.31486474769659,0.581213651500699,0.877198607283704,NaN,NaN,NaN,NaN,NaN,NaN,NaN,NaN,NaN,NaN,NaN,NaN,NaN,NaN,NaN,NaN,NaN,NaN
01-Dec-2025,NaN,NaN,NaN,NaN,NaN,NaN,NaN,NaN,NaN,NaN,NaN,-1.44320003390387,-2.91282491718456,0.812115162791552,-0.238927634829225,-2.43105895006161,NaN,NaN,NaN,NaN,NaN,NaN,NaN,NaN,NaN,NaN,NaN,NaN,NaN,NaN,NaN,NaN,NaN,NaN
02-Dec-2025,NaN,NaN,NaN,NaN,NaN,NaN,NaN,NaN,NaN,NaN,NaN,-0.546615390775443,0.984659269785169,-1.28692411464505,0.813409177345721,-0.673403218134407,NaN,NaN,NaN,NaN,NaN,NaN,NaN,NaN,NaN,NaN,NaN,NaN,NaN,NaN,NaN,NaN,NaN,NaN
03-Dec-2025,NaN,NaN,NaN,NaN,NaN,NaN,NaN,NaN,NaN,NaN,NaN,0.486027688225266,NaN,NaN,NaN,-0.451468035452658,NaN,NaN,NaN,NaN,NaN,NaN,NaN,NaN,NaN,NaN,NaN,NaN,NaN,NaN,NaN,NaN,NaN,NaN
04-Dec-2025,NaN,NaN,NaN,NaN,NaN,NaN,NaN,NaN,NaN,NaN,NaN,-0.668898815079665,NaN,NaN,NaN,-0.226500663085212,NaN,NaN,NaN,NaN,NaN,NaN,NaN,NaN,NaN,NaN,NaN,NaN,NaN,NaN,NaN,NaN,NaN,NaN
05-Dec-2025,NaN,NaN,NaN,NaN,NaN,NaN,NaN,NaN,NaN,NaN,NaN,-0.42800432197774,NaN,NaN,NaN,-0.911168035125589,NaN,NaN,NaN,NaN,NaN,NaN,NaN,NaN,NaN,NaN,NaN,NaN,NaN,NaN,NaN,NaN,NaN,NaN
08-Dec-2025,NaN,NaN,NaN,NaN,NaN,NaN,NaN,NaN,NaN,NaN,NaN,-1.35720775455436,NaN,NaN,NaN,-1.38251049918423,NaN,NaN,NaN,NaN,NaN,NaN,NaN,NaN,NaN,NaN,NaN,NaN,NaN,NaN,NaN,NaN,NaN,NaN
09-Dec-2025,NaN,NaN,NaN,NaN,NaN,NaN,NaN,NaN,NaN,NaN,NaN,-0.998759862834831,NaN,NaN,NaN,0,NaN,NaN,NaN,NaN,NaN,NaN,NaN,NaN,NaN,NaN,NaN,NaN,NaN,NaN,NaN,NaN,NaN,NaN
10-Dec-2025,NaN,NaN,NaN,NaN,NaN,NaN,NaN,NaN,NaN,NaN,NaN,1.30883763065966,NaN,NaN,NaN,0,NaN,NaN,NaN,NaN,NaN,NaN,NaN,NaN,NaN,NaN,NaN,NaN,NaN,NaN,NaN,NaN,NaN,NaN
11-Dec-2025,NaN,NaN,NaN,NaN,NaN,NaN,NaN,NaN,NaN,NaN,NaN,0.924505814405121,NaN,NaN,NaN,0.693644399665717,NaN,NaN,NaN,NaN,NaN,NaN,NaN,NaN,NaN,NaN,NaN,NaN,NaN,NaN,NaN,NaN,NaN,NaN
12-Dec-2025,NaN,NaN,NaN,NaN,NaN,NaN,NaN,NaN,NaN,NaN,NaN,0.245098161914016,NaN,NaN,NaN,-0.461894585629453,NaN,NaN,NaN,NaN,NaN,NaN,NaN,NaN,NaN,NaN,NaN,NaN,NaN,NaN,NaN,NaN,NaN,NaN
